source	target	correct
http://oaei.ontologymatching.org/2010/IIMBDATA/en/anthony_daniels	http://oaei.ontologymatching.org/2010/IIMBDATA/en/item6675204542847069908	1
http://oaei.ontologymatching.org/2010/IIMBDATA/en/anakin_skywalker	http://oaei.ontologymatching.org/2010/IIMBDATA/en/item626563815816882216	1
http://oaei.ontologymatching.org/2010/IIMBDATA/en/nairobi	http://oaei.ontologymatching.org/2010/IIMBDATA/en/item5732486154834428052	1
http://oaei.ontologymatching.org/2010/IIMBDATA/en/botswana	http://oaei.ontologymatching.org/2010/IIMBDATA/en/item2769870129572232740	1
http://oaei.ontologymatching.org/2010/IIMBDATA/en/cootamundra	http://oaei.ontologymatching.org/2010/IIMBDATA/en/item3993003381255156728	1
http://oaei.ontologymatching.org/2010/IIMBDATA/en/fort_collins	http://oaei.ontologymatching.org/2010/IIMBDATA/en/item880785139037320014	1
http://oaei.ontologymatching.org/2010/IIMBDATA/m/0bvd49t	http://oaei.ontologymatching.org/2010/IIMBDATA/m/item4826816421905598931	1
http://oaei.ontologymatching.org/2010/IIMBDATA/en/stuart_freeborn	http://oaei.ontologymatching.org/2010/IIMBDATA/en/item2268724605791201354	1
http://oaei.ontologymatching.org/2010/IIMBDATA/en/breha_organa	http://oaei.ontologymatching.org/2010/IIMBDATA/en/item4096467713294196962	1
http://oaei.ontologymatching.org/2010/IIMBDATA/en/windhoek	http://oaei.ontologymatching.org/2010/IIMBDATA/en/item8286633202153259486	1
http://oaei.ontologymatching.org/2010/IIMBDATA/en/territory_of_papua_and_new_guinea	http://oaei.ontologymatching.org/2010/IIMBDATA/en/item4830372195285093040	1
http://oaei.ontologymatching.org/2010/IIMBDATA/en/india	http://oaei.ontologymatching.org/2010/IIMBDATA/en/item5809462467657224937	1
http://oaei.ontologymatching.org/2010/IIMBDATA/en/richard_marquand	http://oaei.ontologymatching.org/2010/IIMBDATA/en/item4888823450928729751	1
http://oaei.ontologymatching.org/2010/IIMBDATA/m/0bvgm55	http://oaei.ontologymatching.org/2010/IIMBDATA/m/item6684156463076713384	1
http://oaei.ontologymatching.org/2010/IIMBDATA/en/malta	http://oaei.ontologymatching.org/2010/IIMBDATA/en/item771967112090699402	1
http://oaei.ontologymatching.org/2010/IIMBDATA/en/luke_skywalker	http://oaei.ontologymatching.org/2010/IIMBDATA/en/item4505631045095060855	1
http://oaei.ontologymatching.org/2010/IIMBDATA/en/kiribati	http://oaei.ontologymatching.org/2010/IIMBDATA/en/item952611745804394729	1
http://oaei.ontologymatching.org/2010/IIMBDATA/en/saint_kitts_and_nevis	http://oaei.ontologymatching.org/2010/IIMBDATA/en/item8473954447049728909	1
http://oaei.ontologymatching.org/2010/IIMBDATA/m/0bvgm3x	http://oaei.ontologymatching.org/2010/IIMBDATA/m/item3059172806629434480	1
http://oaei.ontologymatching.org/2010/IIMBDATA/en/jeremy_bulloch	http://oaei.ontologymatching.org/2010/IIMBDATA/en/item2879386112167284961	1
http://oaei.ontologymatching.org/2010/IIMBDATA/en/georgetown_guyana	http://oaei.ontologymatching.org/2010/IIMBDATA/en/item614814828304067962	1
http://oaei.ontologymatching.org/2010/IIMBDATA/en/georgia	http://oaei.ontologymatching.org/2010/IIMBDATA/en/item8596721533018924093	1
http://oaei.ontologymatching.org/2010/IIMBDATA/m/0bvd6w8	http://oaei.ontologymatching.org/2010/IIMBDATA/m/item4704546328362570333	1
http://oaei.ontologymatching.org/2010/IIMBDATA/en/silas_carson	http://oaei.ontologymatching.org/2010/IIMBDATA/en/item671285417228574271	1
http://oaei.ontologymatching.org/2010/IIMBDATA/en/pernilla_august	http://oaei.ontologymatching.org/2010/IIMBDATA/en/item4679567124427925639	1
http://oaei.ontologymatching.org/2010/IIMBDATA/en/swaziland	http://oaei.ontologymatching.org/2010/IIMBDATA/en/item2458481464846204201	1
http://oaei.ontologymatching.org/2010/IIMBDATA/m/01xpnvx	http://oaei.ontologymatching.org/2010/IIMBDATA/m/item1624276491422287693	1
http://oaei.ontologymatching.org/2010/IIMBDATA/en/united_kingdom	http://oaei.ontologymatching.org/2010/IIMBDATA/en/item1994302817741746967	1
http://oaei.ontologymatching.org/2010/IIMBDATA/m/0bvgly9	http://oaei.ontologymatching.org/2010/IIMBDATA/m/item8141696064091718543	1
http://oaei.ontologymatching.org/2010/IIMBDATA/en/chisinau	http://oaei.ontologymatching.org/2010/IIMBDATA/en/item6276064827193793244	1
http://oaei.ontologymatching.org/2010/IIMBDATA/en/birmingham	http://oaei.ontologymatching.org/2010/IIMBDATA/en/item6431856686629390084	1
http://oaei.ontologymatching.org/2010/IIMBDATA/en/vientiane	http://oaei.ontologymatching.org/2010/IIMBDATA/en/item7342286238786725379	1
http://oaei.ontologymatching.org/2010/IIMBDATA/en/honiara	http://oaei.ontologymatching.org/2010/IIMBDATA/en/item990648063186124508	1
http://oaei.ontologymatching.org/2010/IIMBDATA/m/0bvgm3h	http://oaei.ontologymatching.org/2010/IIMBDATA/m/item4985435279799277639	1
http://oaei.ontologymatching.org/2010/IIMBDATA/en/zambia	http://oaei.ontologymatching.org/2010/IIMBDATA/en/item2308356467983937994	1
http://oaei.ontologymatching.org/2010/IIMBDATA/en/roseau	http://oaei.ontologymatching.org/2010/IIMBDATA/en/item4320682164895299956	1
http://oaei.ontologymatching.org/2010/IIMBDATA/en/mbabane	http://oaei.ontologymatching.org/2010/IIMBDATA/en/item2104379138752077367	1
http://oaei.ontologymatching.org/2010/IIMBDATA/en/grenada	http://oaei.ontologymatching.org/2010/IIMBDATA/en/item2677027905222193924	1
http://oaei.ontologymatching.org/2010/IIMBDATA/en/australian_capital_territory	http://oaei.ontologymatching.org/2010/IIMBDATA/en/item9117232527615265382	1
http://oaei.ontologymatching.org/2010/IIMBDATA/en/bishkek	http://oaei.ontologymatching.org/2010/IIMBDATA/en/item6751282800540170947	1
http://oaei.ontologymatching.org/2010/IIMBDATA/en/federated_states_of_micronesia	http://oaei.ontologymatching.org/2010/IIMBDATA/en/item8503836162534259051	1
http://oaei.ontologymatching.org/2010/IIMBDATA/en/united_states	http://oaei.ontologymatching.org/2010/IIMBDATA/en/item2566571465077574323	1
http://oaei.ontologymatching.org/2010/IIMBDATA/en/charlotte_amalie	http://oaei.ontologymatching.org/2010/IIMBDATA/en/item4079763360197360340	1
http://oaei.ontologymatching.org/2010/IIMBDATA/en/namibia	http://oaei.ontologymatching.org/2010/IIMBDATA/en/item9191889621496622495	1
http://oaei.ontologymatching.org/2010/IIMBDATA/en/antigua_and_barbuda	http://oaei.ontologymatching.org/2010/IIMBDATA/en/item635359839573506221	1
http://oaei.ontologymatching.org/2010/IIMBDATA/en/dee_bradley_baker	http://oaei.ontologymatching.org/2010/IIMBDATA/en/item5099910829126825295	1
http://oaei.ontologymatching.org/2010/IIMBDATA/en/mace_windu	http://oaei.ontologymatching.org/2010/IIMBDATA/en/item1491409042892949209	1
http://oaei.ontologymatching.org/2010/IIMBDATA/en/market_harborough	http://oaei.ontologymatching.org/2010/IIMBDATA/en/item4570656879729533784	1
http://oaei.ontologymatching.org/2010/IIMBDATA/en/kenny_baker	http://oaei.ontologymatching.org/2010/IIMBDATA/en/item1003161737692705241	1
http://oaei.ontologymatching.org/2010/IIMBDATA/en/greenville_mississippi	http://oaei.ontologymatching.org/2010/IIMBDATA/en/item3526378575963685361	1
http://oaei.ontologymatching.org/2010/IIMBDATA/en/star_wars_episode_iii_revenge_of_the_sith	http://oaei.ontologymatching.org/2010/IIMBDATA/en/item2093358935879725377	1
http://oaei.ontologymatching.org/2010/IIMBDATA/en/han_solo	http://oaei.ontologymatching.org/2010/IIMBDATA/en/item567015640632339553	1
http://oaei.ontologymatching.org/2010/IIMBDATA/en/donnybrook_australia	http://oaei.ontologymatching.org/2010/IIMBDATA/en/item2559049179342831765	1
http://oaei.ontologymatching.org/2010/IIMBDATA/en/philadelphia	http://oaei.ontologymatching.org/2010/IIMBDATA/en/item4342169299277044479	1
http://oaei.ontologymatching.org/2010/IIMBDATA/en/ian_abercrombie	http://oaei.ontologymatching.org/2010/IIMBDATA/en/item816295095825957689	1
http://oaei.ontologymatching.org/2010/IIMBDATA/en/mas_amedda	http://oaei.ontologymatching.org/2010/IIMBDATA/en/item4262425627325641581	1
http://oaei.ontologymatching.org/2010/IIMBDATA/en/montserrat	http://oaei.ontologymatching.org/2010/IIMBDATA/en/item5129272673964625643	1
http://oaei.ontologymatching.org/2010/IIMBDATA/m/0k3q_v	http://oaei.ontologymatching.org/2010/IIMBDATA/m/item8323800550116303436	1
http://oaei.ontologymatching.org/2010/IIMBDATA/en/plymouth	http://oaei.ontologymatching.org/2010/IIMBDATA/en/item1461159394039433402	1
http://oaei.ontologymatching.org/2010/IIMBDATA/m/0bvglz8	http://oaei.ontologymatching.org/2010/IIMBDATA/m/item5288398895626920455	1
http://oaei.ontologymatching.org/2010/IIMBDATA/m/0bvgm4c	http://oaei.ontologymatching.org/2010/IIMBDATA/m/item3068176973615971397	1
http://oaei.ontologymatching.org/2010/IIMBDATA/m/0bvglxv	http://oaei.ontologymatching.org/2010/IIMBDATA/m/item4921203787633158379	1
http://oaei.ontologymatching.org/2010/IIMBDATA/m/0bvd47l	http://oaei.ontologymatching.org/2010/IIMBDATA/m/item2673418967295893067	1
http://oaei.ontologymatching.org/2010/IIMBDATA/m/0bvgm4r	http://oaei.ontologymatching.org/2010/IIMBDATA/m/item7600988425304221293	1
http://oaei.ontologymatching.org/2010/IIMBDATA/en/brunei	http://oaei.ontologymatching.org/2010/IIMBDATA/en/item3175653148033810490	1
http://oaei.ontologymatching.org/2010/IIMBDATA/en/rotorua	http://oaei.ontologymatching.org/2010/IIMBDATA/en/item2479349620691506240	1
http://oaei.ontologymatching.org/2010/IIMBDATA/en/hayden_christensen	http://oaei.ontologymatching.org/2010/IIMBDATA/en/item5446326396788307910	1
http://oaei.ontologymatching.org/2010/IIMBDATA/en/barbados	http://oaei.ontologymatching.org/2010/IIMBDATA/en/item3450919156969690422	1
http://oaei.ontologymatching.org/2010/IIMBDATA/en/count_dooku	http://oaei.ontologymatching.org/2010/IIMBDATA/en/item2248644555460287075	1
http://oaei.ontologymatching.org/2010/IIMBDATA/en/tuvalu	http://oaei.ontologymatching.org/2010/IIMBDATA/en/item563208768510331861	1
http://oaei.ontologymatching.org/2010/IIMBDATA/en/auckland	http://oaei.ontologymatching.org/2010/IIMBDATA/en/item2365770810245084513	1
http://oaei.ontologymatching.org/2010/IIMBDATA/en/abuja	http://oaei.ontologymatching.org/2010/IIMBDATA/en/item6760877380353692550	1
http://oaei.ontologymatching.org/2010/IIMBDATA/m/0k3r15	http://oaei.ontologymatching.org/2010/IIMBDATA/m/item8787541242086153089	1
http://oaei.ontologymatching.org/2010/IIMBDATA/en/jay_lagaaia	http://oaei.ontologymatching.org/2010/IIMBDATA/en/item2848364464195420480	1
http://oaei.ontologymatching.org/2010/IIMBDATA/m/0bvgm5z	http://oaei.ontologymatching.org/2010/IIMBDATA/m/item5483396596505527345	1
http://oaei.ontologymatching.org/2010/IIMBDATA/en/george_town	http://oaei.ontologymatching.org/2010/IIMBDATA/en/item5356487159579694038	1
http://oaei.ontologymatching.org/2010/IIMBDATA/en/isle_of_man	http://oaei.ontologymatching.org/2010/IIMBDATA/en/item4536058835999987231	1
http://oaei.ontologymatching.org/2010/IIMBDATA/en/solomon_islands	http://oaei.ontologymatching.org/2010/IIMBDATA/en/item3831395434433860267	1
http://oaei.ontologymatching.org/2010/IIMBDATA/en/mark_hamill	http://oaei.ontologymatching.org/2010/IIMBDATA/en/item8025631631914894025	1
http://oaei.ontologymatching.org/2010/IIMBDATA/en/the_valley_anguilla	http://oaei.ontologymatching.org/2010/IIMBDATA/en/item5152395474110227140	1
http://oaei.ontologymatching.org/2010/IIMBDATA/en/manila	http://oaei.ontologymatching.org/2010/IIMBDATA/en/item5099266428722872440	1
http://oaei.ontologymatching.org/2010/IIMBDATA/en/kuala_lumpur	http://oaei.ontologymatching.org/2010/IIMBDATA/en/item8895936350446806134	1
http://oaei.ontologymatching.org/2010/IIMBDATA/en/bristol	http://oaei.ontologymatching.org/2010/IIMBDATA/en/item6425064763079958176	1
http://oaei.ontologymatching.org/2010/IIMBDATA/en/puerto_rico	http://oaei.ontologymatching.org/2010/IIMBDATA/en/item6862142294832262824	1
http://oaei.ontologymatching.org/2010/IIMBDATA/m/0bvglyx	http://oaei.ontologymatching.org/2010/IIMBDATA/m/item5721149267502035491	1
http://oaei.ontologymatching.org/2010/IIMBDATA/en/captain_typho	http://oaei.ontologymatching.org/2010/IIMBDATA/en/item5365571372021019443	1
http://oaei.ontologymatching.org/2010/IIMBDATA/en/tanzania	http://oaei.ontologymatching.org/2010/IIMBDATA/en/item2271594532628928442	1
http://oaei.ontologymatching.org/2010/IIMBDATA/en/belmopan	http://oaei.ontologymatching.org/2010/IIMBDATA/en/item5418110812332879248	1
http://oaei.ontologymatching.org/2010/IIMBDATA/en/bandar_seri_begawan	http://oaei.ontologymatching.org/2010/IIMBDATA/en/item5894120867412860305	1
http://oaei.ontologymatching.org/2010/IIMBDATA/m/0bvgm5l	http://oaei.ontologymatching.org/2010/IIMBDATA/m/item112607956176815583	1
http://oaei.ontologymatching.org/2010/IIMBDATA/en/pittsburgh	http://oaei.ontologymatching.org/2010/IIMBDATA/en/item2516899722729458193	1
http://oaei.ontologymatching.org/2010/IIMBDATA/en/vanuatu	http://oaei.ontologymatching.org/2010/IIMBDATA/en/item5802346602582928698	1
http://oaei.ontologymatching.org/2010/IIMBDATA/en/brooklyn	http://oaei.ontologymatching.org/2010/IIMBDATA/en/item140938053909742590	1
http://oaei.ontologymatching.org/2010/IIMBDATA/en/lesotho	http://oaei.ontologymatching.org/2010/IIMBDATA/en/item6169774286707925498	1
http://oaei.ontologymatching.org/2010/IIMBDATA/en/vancouver_british_columbia	http://oaei.ontologymatching.org/2010/IIMBDATA/en/item6788179804325719214	1
http://oaei.ontologymatching.org/2010/IIMBDATA/en/obi-wan_kenobi	http://oaei.ontologymatching.org/2010/IIMBDATA/en/item4489608552153845629	1
http://oaei.ontologymatching.org/2010/IIMBDATA/en/addis_ababa	http://oaei.ontologymatching.org/2010/IIMBDATA/en/item452952361820291081	1
http://oaei.ontologymatching.org/2010/IIMBDATA/m/0bvglzq	http://oaei.ontologymatching.org/2010/IIMBDATA/m/item7133731449825021094	1
http://oaei.ontologymatching.org/2010/IIMBDATA/en/terence_stamp	http://oaei.ontologymatching.org/2010/IIMBDATA/en/item3824586231970368565	1
http://oaei.ontologymatching.org/2010/IIMBDATA/en/canberra	http://oaei.ontologymatching.org/2010/IIMBDATA/en/item4517229783046144536	1
http://oaei.ontologymatching.org/2010/IIMBDATA/m/0bvddmr	http://oaei.ontologymatching.org/2010/IIMBDATA/m/item3357265878517245840	1
http://oaei.ontologymatching.org/2010/IIMBDATA/en/bruce_spence	http://oaei.ontologymatching.org/2010/IIMBDATA/en/item7168661739075916726	1
http://oaei.ontologymatching.org/2010/IIMBDATA/en/carrie_fisher	http://oaei.ontologymatching.org/2010/IIMBDATA/en/item6491861022155634330	1
http://oaei.ontologymatching.org/2010/IIMBDATA/en/sealand	http://oaei.ontologymatching.org/2010/IIMBDATA/en/item3407682519732257609	1
http://oaei.ontologymatching.org/2010/IIMBDATA/en/suva	http://oaei.ontologymatching.org/2010/IIMBDATA/en/item6589728295077653621	1
http://oaei.ontologymatching.org/2010/IIMBDATA/en/ukraine	http://oaei.ontologymatching.org/2010/IIMBDATA/en/item1999436050771790077	1
http://oaei.ontologymatching.org/2010/IIMBDATA/en/christopher_lee	http://oaei.ontologymatching.org/2010/IIMBDATA/en/item2009518203396535905	1
http://oaei.ontologymatching.org/2010/IIMBDATA/en/star_wars_storm_in_the_glass	http://oaei.ontologymatching.org/2010/IIMBDATA/en/item5200948315644953179	1
http://oaei.ontologymatching.org/2010/IIMBDATA/en/jim_henson	http://oaei.ontologymatching.org/2010/IIMBDATA/en/item1343217083548093810	1
http://oaei.ontologymatching.org/2010/IIMBDATA/en/rose_byrne	http://oaei.ontologymatching.org/2010/IIMBDATA/en/item6187942062484998765	1
http://oaei.ontologymatching.org/2010/IIMBDATA/en/darth_vader	http://oaei.ontologymatching.org/2010/IIMBDATA/en/item3787974832012332738	1
http://oaei.ontologymatching.org/2010/IIMBDATA/en/jango_fett	http://oaei.ontologymatching.org/2010/IIMBDATA/en/item9014282011771949711	1
http://oaei.ontologymatching.org/2010/IIMBDATA/en/russia	http://oaei.ontologymatching.org/2010/IIMBDATA/en/item4427736783820923643	1
http://oaei.ontologymatching.org/2010/IIMBDATA/en/guyana	http://oaei.ontologymatching.org/2010/IIMBDATA/en/item6880039625491388601	1
http://oaei.ontologymatching.org/2010/IIMBDATA/en/jake_lloyd	http://oaei.ontologymatching.org/2010/IIMBDATA/en/item4864034949325467775	1
http://oaei.ontologymatching.org/2010/IIMBDATA/en/padme_amidala	http://oaei.ontologymatching.org/2010/IIMBDATA/en/item2769195772027617271	1
http://oaei.ontologymatching.org/2010/IIMBDATA/en/burbank	http://oaei.ontologymatching.org/2010/IIMBDATA/en/item5713008677193256563	1
http://oaei.ontologymatching.org/2010/IIMBDATA/en/llanishen	http://oaei.ontologymatching.org/2010/IIMBDATA/en/item1692497539389367697	1
http://oaei.ontologymatching.org/2010/IIMBDATA/en/tion_medon	http://oaei.ontologymatching.org/2010/IIMBDATA/en/item6408350574793351504	1
http://oaei.ontologymatching.org/2010/IIMBDATA/en/dodoma	http://oaei.ontologymatching.org/2010/IIMBDATA/en/item2210690216538326746	1
http://oaei.ontologymatching.org/2010/IIMBDATA/en/sebastian_shaw_1905	http://oaei.ontologymatching.org/2010/IIMBDATA/en/item8061177115506282273	1
http://oaei.ontologymatching.org/2010/IIMBDATA/en/ottawa	http://oaei.ontologymatching.org/2010/IIMBDATA/en/item6629408845638695565	1
http://oaei.ontologymatching.org/2010/IIMBDATA/en/islamabad	http://oaei.ontologymatching.org/2010/IIMBDATA/en/item6419742796659818042	1
http://oaei.ontologymatching.org/2010/IIMBDATA/en/chewbacca	http://oaei.ontologymatching.org/2010/IIMBDATA/en/item4732322251927039920	1
http://oaei.ontologymatching.org/2010/IIMBDATA/en/sydney	http://oaei.ontologymatching.org/2010/IIMBDATA/en/item4107776523900792971	1
http://oaei.ontologymatching.org/2010/IIMBDATA/en/accra	http://oaei.ontologymatching.org/2010/IIMBDATA/en/item6619652198987902843	1
http://oaei.ontologymatching.org/2010/IIMBDATA/en/astana	http://oaei.ontologymatching.org/2010/IIMBDATA/en/item2546376188858556711	1
http://oaei.ontologymatching.org/2010/IIMBDATA/en/keira_knightley	http://oaei.ontologymatching.org/2010/IIMBDATA/en/item9185851784079534476	1
http://oaei.ontologymatching.org/2010/IIMBDATA/en/brian_blessed	http://oaei.ontologymatching.org/2010/IIMBDATA/en/item6130684074796367679	1
http://oaei.ontologymatching.org/2010/IIMBDATA/en/ewan_mcgregor	http://oaei.ontologymatching.org/2010/IIMBDATA/en/item1473966558363262459	1
http://oaei.ontologymatching.org/2010/IIMBDATA/en/manchester_united_kingdom	http://oaei.ontologymatching.org/2010/IIMBDATA/en/item2308352613691674032	1
http://oaei.ontologymatching.org/2010/IIMBDATA/en/saint_lucia	http://oaei.ontologymatching.org/2010/IIMBDATA/en/item3819360250099017028	1
http://oaei.ontologymatching.org/2010/IIMBDATA/en/second_polish_republic	http://oaei.ontologymatching.org/2010/IIMBDATA/en/item476706394818538956	1
http://oaei.ontologymatching.org/2010/IIMBDATA/en/ian_mcdiarmid	http://oaei.ontologymatching.org/2010/IIMBDATA/en/item1665401821179624399	1
http://oaei.ontologymatching.org/2010/IIMBDATA/en/minsk	http://oaei.ontologymatching.org/2010/IIMBDATA/en/item3256128722750451636	1
http://oaei.ontologymatching.org/2010/IIMBDATA/en/new_york_state	http://oaei.ontologymatching.org/2010/IIMBDATA/en/item4529923883029714694	1
http://oaei.ontologymatching.org/2010/IIMBDATA/en/indiana	http://oaei.ontologymatching.org/2010/IIMBDATA/en/item2408588465907094605	1
http://oaei.ontologymatching.org/2010/IIMBDATA/en/ethiopia	http://oaei.ontologymatching.org/2010/IIMBDATA/en/item1562388154400220889	1
http://oaei.ontologymatching.org/2010/IIMBDATA/en/zimbabwe	http://oaei.ontologymatching.org/2010/IIMBDATA/en/item2267638691216872841	1
http://oaei.ontologymatching.org/2010/IIMBDATA/en/adamstown_pitcairn_island	http://oaei.ontologymatching.org/2010/IIMBDATA/en/item1991771944847303692	1
http://oaei.ontologymatching.org/2010/IIMBDATA/en/jason_wingreen	http://oaei.ontologymatching.org/2010/IIMBDATA/en/item1876744838424840723	1
http://oaei.ontologymatching.org/2010/IIMBDATA/en/port_louis	http://oaei.ontologymatching.org/2010/IIMBDATA/en/item9041726629922821814	1
http://oaei.ontologymatching.org/2010/IIMBDATA/en/douglas_isle_of_man	http://oaei.ontologymatching.org/2010/IIMBDATA/en/item3920340490962655029	1
http://oaei.ontologymatching.org/2010/IIMBDATA/en/alec_guinness	http://oaei.ontologymatching.org/2010/IIMBDATA/en/item4983401635207287370	1
http://oaei.ontologymatching.org/2010/IIMBDATA/en/star_wars_episode_v_the_empire_strikes_back	http://oaei.ontologymatching.org/2010/IIMBDATA/en/item6584327353356493105	1
http://oaei.ontologymatching.org/2010/IIMBDATA/en/canada	http://oaei.ontologymatching.org/2010/IIMBDATA/en/item1879361470315532292	1
http://oaei.ontologymatching.org/2010/IIMBDATA/en/kenya	http://oaei.ontologymatching.org/2010/IIMBDATA/en/item6199434148577899477	1
http://oaei.ontologymatching.org/2010/IIMBDATA/m/0bvd4c2	http://oaei.ontologymatching.org/2010/IIMBDATA/m/item8532197165573890146	1
http://oaei.ontologymatching.org/2010/IIMBDATA/en/san_juan_puerto_rico	http://oaei.ontologymatching.org/2010/IIMBDATA/en/item1638049856068070037	1
http://oaei.ontologymatching.org/2010/IIMBDATA/en/san_fernando_valley	http://oaei.ontologymatching.org/2010/IIMBDATA/en/item4257564788119468952	1
http://oaei.ontologymatching.org/2010/IIMBDATA/en/vatican_city	http://oaei.ontologymatching.org/2010/IIMBDATA/en/item2378639404368620759	1
http://oaei.ontologymatching.org/2010/IIMBDATA/en/territory_of_new_guinea	http://oaei.ontologymatching.org/2010/IIMBDATA/en/item3160063867215853967	1
http://oaei.ontologymatching.org/2010/IIMBDATA/en/apia	http://oaei.ontologymatching.org/2010/IIMBDATA/en/item8783795482460533241	1
http://oaei.ontologymatching.org/2010/IIMBDATA/en/hamilton_bermuda	http://oaei.ontologymatching.org/2010/IIMBDATA/en/item3054287699097478098	1
http://oaei.ontologymatching.org/2010/IIMBDATA/en/overland_park	http://oaei.ontologymatching.org/2010/IIMBDATA/en/item6157719918669881217	1
http://oaei.ontologymatching.org/2010/IIMBDATA/en/daniel_logan	http://oaei.ontologymatching.org/2010/IIMBDATA/en/item5370386228473329405	1
http://oaei.ontologymatching.org/2010/IIMBDATA/en/lusaka	http://oaei.ontologymatching.org/2010/IIMBDATA/en/item5433024907596315166	1
http://oaei.ontologymatching.org/2010/IIMBDATA/en/cambridge_massachusetts	http://oaei.ontologymatching.org/2010/IIMBDATA/en/item6906259560684453735	1
http://oaei.ontologymatching.org/2010/IIMBDATA/en/anguilla	http://oaei.ontologymatching.org/2010/IIMBDATA/en/item3307188635941375596	1
http://oaei.ontologymatching.org/2010/IIMBDATA/en/liberia	http://oaei.ontologymatching.org/2010/IIMBDATA/en/item4469428740186151336	1
http://oaei.ontologymatching.org/2010/IIMBDATA/en/funafuti	http://oaei.ontologymatching.org/2010/IIMBDATA/en/item8684125346748819053	1
http://oaei.ontologymatching.org/2010/IIMBDATA/en/shmi_skywalker	http://oaei.ontologymatching.org/2010/IIMBDATA/en/item7795196330855407441	1
http://oaei.ontologymatching.org/2010/IIMBDATA/en/grand_moff_tarkin	http://oaei.ontologymatching.org/2010/IIMBDATA/en/item1412101199075360889	1
http://oaei.ontologymatching.org/2010/IIMBDATA/en/darth_maul	http://oaei.ontologymatching.org/2010/IIMBDATA/en/item393597260659054692	1
http://oaei.ontologymatching.org/2010/IIMBDATA/en/kampala	http://oaei.ontologymatching.org/2010/IIMBDATA/en/item8877927730063704939	1
http://oaei.ontologymatching.org/2010/IIMBDATA/en/united_states_virgin_islands	http://oaei.ontologymatching.org/2010/IIMBDATA/en/item3860024388915006213	1
http://oaei.ontologymatching.org/2010/IIMBDATA/en/james_earl_jones	http://oaei.ontologymatching.org/2010/IIMBDATA/en/item2111483275871466367	1
http://oaei.ontologymatching.org/2010/IIMBDATA/en/st_johns_antigua_and_barbuda	http://oaei.ontologymatching.org/2010/IIMBDATA/en/item4109706653914285783	1
http://oaei.ontologymatching.org/2010/IIMBDATA/en/washington_united_states	http://oaei.ontologymatching.org/2010/IIMBDATA/en/item7083972456496042117	1
http://oaei.ontologymatching.org/2010/IIMBDATA/en/uganda	http://oaei.ontologymatching.org/2010/IIMBDATA/en/item4659236377810387335	1
http://oaei.ontologymatching.org/2010/IIMBDATA/en/wayne_pygram	http://oaei.ontologymatching.org/2010/IIMBDATA/en/item398787052291562616	1
http://oaei.ontologymatching.org/2010/IIMBDATA/m/0bvddn3	http://oaei.ontologymatching.org/2010/IIMBDATA/m/item122712237189939034	1
http://oaei.ontologymatching.org/2010/IIMBDATA/en/star_wars_gangsta_rap	http://oaei.ontologymatching.org/2010/IIMBDATA/en/item7666215002329863168	1
http://oaei.ontologymatching.org/2010/IIMBDATA/en/papua_new_guinea	http://oaei.ontologymatching.org/2010/IIMBDATA/en/item2584639456911587076	1
http://oaei.ontologymatching.org/2010/IIMBDATA/en/ray_park	http://oaei.ontologymatching.org/2010/IIMBDATA/en/item8131785039948890498	1
http://oaei.ontologymatching.org/2010/IIMBDATA/en/kyrgyzstan	http://oaei.ontologymatching.org/2010/IIMBDATA/en/item4906240975999421210	1
http://oaei.ontologymatching.org/2010/IIMBDATA/en/marylebone	http://oaei.ontologymatching.org/2010/IIMBDATA/en/item6671532458008015785	1
http://oaei.ontologymatching.org/2010/IIMBDATA/m/0k3r5j	http://oaei.ontologymatching.org/2010/IIMBDATA/m/item1289511042292937132	1
http://oaei.ontologymatching.org/2010/IIMBDATA/en/shelagh_fraser	http://oaei.ontologymatching.org/2010/IIMBDATA/en/item3946463809839940612	1
http://oaei.ontologymatching.org/2010/IIMBDATA/en/jar_jar_binks	http://oaei.ontologymatching.org/2010/IIMBDATA/en/item2029090791193214564	1
http://oaei.ontologymatching.org/2010/IIMBDATA/en/grytviken	http://oaei.ontologymatching.org/2010/IIMBDATA/en/item1504731243908299270	1
http://oaei.ontologymatching.org/2010/IIMBDATA/en/peter_mayhew	http://oaei.ontologymatching.org/2010/IIMBDATA/en/item6516922336756290500	1
http://oaei.ontologymatching.org/2010/IIMBDATA/en/nauru	http://oaei.ontologymatching.org/2010/IIMBDATA/en/item1553528668599862532	1
http://oaei.ontologymatching.org/2010/IIMBDATA/en/philippines	http://oaei.ontologymatching.org/2010/IIMBDATA/en/item3875072258060156952	1
http://oaei.ontologymatching.org/2010/IIMBDATA/en/st_georges	http://oaei.ontologymatching.org/2010/IIMBDATA/en/item1006740599615949133	1
http://oaei.ontologymatching.org/2010/IIMBDATA/en/c-3po	http://oaei.ontologymatching.org/2010/IIMBDATA/en/item8349164770685993150	1
http://oaei.ontologymatching.org/2010/IIMBDATA/en/monrovia	http://oaei.ontologymatching.org/2010/IIMBDATA/en/item7091867533900490095	1
http://oaei.ontologymatching.org/2010/IIMBDATA/m/0bvhs6h	http://oaei.ontologymatching.org/2010/IIMBDATA/m/item1857909445540272951	1
http://oaei.ontologymatching.org/2010/IIMBDATA/en/south_georgia_and_the_south_sandwich_islands	http://oaei.ontologymatching.org/2010/IIMBDATA/en/item7428933488232369987	1
http://oaei.ontologymatching.org/2010/IIMBDATA/en/new_zealand	http://oaei.ontologymatching.org/2010/IIMBDATA/en/item5838595644485277065	1
http://oaei.ontologymatching.org/2010/IIMBDATA/en/port_vila	http://oaei.ontologymatching.org/2010/IIMBDATA/en/item6099736597186079757	1
http://oaei.ontologymatching.org/2010/IIMBDATA/en/baron_papanoida	http://oaei.ontologymatching.org/2010/IIMBDATA/en/item1502279510668061863	1
http://oaei.ontologymatching.org/2010/IIMBDATA/en/moldova	http://oaei.ontologymatching.org/2010/IIMBDATA/en/item6754680440083593091	1
http://oaei.ontologymatching.org/2010/IIMBDATA/en/alex_mccrindle	http://oaei.ontologymatching.org/2010/IIMBDATA/en/item1723475277319565111	1
http://oaei.ontologymatching.org/2010/IIMBDATA/en/wellington	http://oaei.ontologymatching.org/2010/IIMBDATA/en/item1410933037804744233	1
http://oaei.ontologymatching.org/2010/IIMBDATA/en/dexter_jettster	http://oaei.ontologymatching.org/2010/IIMBDATA/en/item4290637775868053378	1
http://oaei.ontologymatching.org/2010/IIMBDATA/en/stockholm	http://oaei.ontologymatching.org/2010/IIMBDATA/en/item791563916053334101	1
http://oaei.ontologymatching.org/2010/IIMBDATA/en/dominica	http://oaei.ontologymatching.org/2010/IIMBDATA/en/item5369767858016978761	1
http://oaei.ontologymatching.org/2010/IIMBDATA/en/sabe_decoy_queen	http://oaei.ontologymatching.org/2010/IIMBDATA/en/item9045752751655627422	1
http://oaei.ontologymatching.org/2010/IIMBDATA/en/melbourne_australia	http://oaei.ontologymatching.org/2010/IIMBDATA/en/item288514961960433117	1
http://oaei.ontologymatching.org/2010/IIMBDATA/en/cayman_islands	http://oaei.ontologymatching.org/2010/IIMBDATA/en/item189930823055851837	1
http://oaei.ontologymatching.org/2010/IIMBDATA/en/castries	http://oaei.ontologymatching.org/2010/IIMBDATA/en/item943979530560660201	1
http://oaei.ontologymatching.org/2010/IIMBDATA/m/0bvhs6x	http://oaei.ontologymatching.org/2010/IIMBDATA/m/item6126985078193699250	1
http://oaei.ontologymatching.org/2010/IIMBDATA/en/holt	http://oaei.ontologymatching.org/2010/IIMBDATA/en/item3238573906423322191	1
http://oaei.ontologymatching.org/2010/IIMBDATA/en/rwanda	http://oaei.ontologymatching.org/2010/IIMBDATA/en/item954774541717635582	1
http://oaei.ontologymatching.org/2010/IIMBDATA/en/the_gambia	http://oaei.ontologymatching.org/2010/IIMBDATA/en/item5648396375230569217	1
http://oaei.ontologymatching.org/2010/IIMBDATA/m/0k3qz8	http://oaei.ontologymatching.org/2010/IIMBDATA/m/item3728012531305922026	1
http://oaei.ontologymatching.org/2010/IIMBDATA/en/salisbury	http://oaei.ontologymatching.org/2010/IIMBDATA/en/item7642039279446830720	1
http://oaei.ontologymatching.org/2010/IIMBDATA/en/jerusalem	http://oaei.ontologymatching.org/2010/IIMBDATA/en/item3524558496248800617	1
http://oaei.ontologymatching.org/2010/IIMBDATA/en/samoa	http://oaei.ontologymatching.org/2010/IIMBDATA/en/item6742688165100389744	1
http://oaei.ontologymatching.org/2010/IIMBDATA/en/jabba_the_hutt	http://oaei.ontologymatching.org/2010/IIMBDATA/en/item2199454957685407923	1
http://oaei.ontologymatching.org/2010/IIMBDATA/en/australia	http://oaei.ontologymatching.org/2010/IIMBDATA/en/item1189518044495840568	1
http://oaei.ontologymatching.org/2010/IIMBDATA/en/kingston_jamaica	http://oaei.ontologymatching.org/2010/IIMBDATA/en/item2289761448954122007	1
http://oaei.ontologymatching.org/2010/IIMBDATA/en/don_henderson	http://oaei.ontologymatching.org/2010/IIMBDATA/en/item4304520636772432212	1
http://oaei.ontologymatching.org/2010/IIMBDATA/en/belize	http://oaei.ontologymatching.org/2010/IIMBDATA/en/item2398962447406858589	1
http://oaei.ontologymatching.org/2010/IIMBDATA/en/finis_valorum	http://oaei.ontologymatching.org/2010/IIMBDATA/en/item6340879848258554518	1
http://oaei.ontologymatching.org/2010/IIMBDATA/en/nigeria	http://oaei.ontologymatching.org/2010/IIMBDATA/en/item8381998882237040209	1
http://oaei.ontologymatching.org/2010/IIMBDATA/en/palpatine	http://oaei.ontologymatching.org/2010/IIMBDATA/en/item5220402199647613959	1
http://oaei.ontologymatching.org/2010/IIMBDATA/en/peter_cushing	http://oaei.ontologymatching.org/2010/IIMBDATA/en/item1158097063269775151	1
http://oaei.ontologymatching.org/2010/IIMBDATA/en/andy_secombe	http://oaei.ontologymatching.org/2010/IIMBDATA/en/item7591049605493319169	1
http://oaei.ontologymatching.org/2010/IIMBDATA/en/louisville	http://oaei.ontologymatching.org/2010/IIMBDATA/en/item7370082065966673676	1
http://oaei.ontologymatching.org/2010/IIMBDATA/en/hugh_quarshie	http://oaei.ontologymatching.org/2010/IIMBDATA/en/item5432614594934053770	1
http://oaei.ontologymatching.org/2010/IIMBDATA/en/ashley_drane	http://oaei.ontologymatching.org/2010/IIMBDATA/en/item127407102574978277	1
http://oaei.ontologymatching.org/2010/IIMBDATA/en/kiev	http://oaei.ontologymatching.org/2010/IIMBDATA/en/item9197011922307815842	1
http://oaei.ontologymatching.org/2010/IIMBDATA/en/cat_taber	http://oaei.ontologymatching.org/2010/IIMBDATA/en/item4677503079095270601	1
http://oaei.ontologymatching.org/2010/IIMBDATA/en/sierra_leone	http://oaei.ontologymatching.org/2010/IIMBDATA/en/item6582499805129836793	1
http://oaei.ontologymatching.org/2010/IIMBDATA/m/0bvd6pm	http://oaei.ontologymatching.org/2010/IIMBDATA/m/item8988083706313213187	1
http://oaei.ontologymatching.org/2010/IIMBDATA/en/qui-gon_jinn	http://oaei.ontologymatching.org/2010/IIMBDATA/en/item5569308673202971887	1
http://oaei.ontologymatching.org/2010/IIMBDATA/en/kevin_michael_richardson	http://oaei.ontologymatching.org/2010/IIMBDATA/en/item1085869762551932204	1
http://oaei.ontologymatching.org/2010/IIMBDATA/en/the_bronx	http://oaei.ontologymatching.org/2010/IIMBDATA/en/item8124571858463107406	1
http://oaei.ontologymatching.org/2010/IIMBDATA/en/warsaw	http://oaei.ontologymatching.org/2010/IIMBDATA/en/item1902861490210569872	1
http://oaei.ontologymatching.org/2010/IIMBDATA/en/samuel_l_jackson	http://oaei.ontologymatching.org/2010/IIMBDATA/en/item876695789536589316	1
http://oaei.ontologymatching.org/2010/IIMBDATA/m/0k3r7l	http://oaei.ontologymatching.org/2010/IIMBDATA/m/item2590672486362333412	1
http://oaei.ontologymatching.org/2010/IIMBDATA/m/0bvgl_4	http://oaei.ontologymatching.org/2010/IIMBDATA/m/item6440075712435673586	1
http://oaei.ontologymatching.org/2010/IIMBDATA/en/crieff	http://oaei.ontologymatching.org/2010/IIMBDATA/en/item6093147450605885667	1
http://oaei.ontologymatching.org/2010/IIMBDATA/en/david_prowse	http://oaei.ontologymatching.org/2010/IIMBDATA/en/item7921110879461874650	1
http://oaei.ontologymatching.org/2010/IIMBDATA/en/south_tarawa	http://oaei.ontologymatching.org/2010/IIMBDATA/en/item4356487114216767709	1
http://oaei.ontologymatching.org/2010/IIMBDATA/en/princess_leia_organa	http://oaei.ontologymatching.org/2010/IIMBDATA/en/item7268768296814321713	1
http://oaei.ontologymatching.org/2010/IIMBDATA/en/kotte	http://oaei.ontologymatching.org/2010/IIMBDATA/en/item988213622813252149	1
http://oaei.ontologymatching.org/2010/IIMBDATA/en/star_wars_revelations	http://oaei.ontologymatching.org/2010/IIMBDATA/en/item3667356796617386238	1
http://oaei.ontologymatching.org/2010/IIMBDATA/en/temuera_morrison	http://oaei.ontologymatching.org/2010/IIMBDATA/en/item4236556013294633295	1
http://oaei.ontologymatching.org/2010/IIMBDATA/m/0bvhs4p	http://oaei.ontologymatching.org/2010/IIMBDATA/m/item5231380117474926924	1
http://oaei.ontologymatching.org/2010/IIMBDATA/en/gaborone	http://oaei.ontologymatching.org/2010/IIMBDATA/en/item2453260230468973916	1
http://oaei.ontologymatching.org/2010/IIMBDATA/en/santa_barbara	http://oaei.ontologymatching.org/2010/IIMBDATA/en/item5029049637493709340	1
http://oaei.ontologymatching.org/2010/IIMBDATA/en/jimmy_smits	http://oaei.ontologymatching.org/2010/IIMBDATA/en/item3584029168331759969	1
http://oaei.ontologymatching.org/2010/IIMBDATA/en/valletta	http://oaei.ontologymatching.org/2010/IIMBDATA/en/item7218924044893211318	1
http://oaei.ontologymatching.org/2010/IIMBDATA/en/teddington	http://oaei.ontologymatching.org/2010/IIMBDATA/en/item1365578588092615520	1
http://oaei.ontologymatching.org/2010/IIMBDATA/en/watto	http://oaei.ontologymatching.org/2010/IIMBDATA/en/item8058189232574967154	1
http://oaei.ontologymatching.org/2010/IIMBDATA/en/rebecca_jackson_mendoza	http://oaei.ontologymatching.org/2010/IIMBDATA/en/item1605715506409548267	1
http://oaei.ontologymatching.org/2010/IIMBDATA/en/new_york	http://oaei.ontologymatching.org/2010/IIMBDATA/en/item871526131310165898	1
http://oaei.ontologymatching.org/2010/IIMBDATA/en/john_ratzenberger	http://oaei.ontologymatching.org/2010/IIMBDATA/en/item2147529549966435549	1
http://oaei.ontologymatching.org/2010/IIMBDATA/en/asajj_ventress	http://oaei.ontologymatching.org/2010/IIMBDATA/en/item1488385253836435545	1
http://oaei.ontologymatching.org/2010/IIMBDATA/en/matt_lanter	http://oaei.ontologymatching.org/2010/IIMBDATA/en/item4214388260230436939	1
http://oaei.ontologymatching.org/2010/IIMBDATA/en/kazakhstan	http://oaei.ontologymatching.org/2010/IIMBDATA/en/item3795339153829719576	1
http://oaei.ontologymatching.org/2010/IIMBDATA/en/hereford	http://oaei.ontologymatching.org/2010/IIMBDATA/en/item8346318840237477571	1
http://oaei.ontologymatching.org/2010/IIMBDATA/en/south_africa	http://oaei.ontologymatching.org/2010/IIMBDATA/en/item4408081710855122689	1
http://oaei.ontologymatching.org/2010/IIMBDATA/en/boba_fett	http://oaei.ontologymatching.org/2010/IIMBDATA/en/item5513991896621342346	1
http://oaei.ontologymatching.org/2010/IIMBDATA/en/russian	http://oaei.ontologymatching.org/2010/IIMBDATA/en/item8510559279623201108	1
http://oaei.ontologymatching.org/2010/IIMBDATA/en/yaounde	http://oaei.ontologymatching.org/2010/IIMBDATA/en/item8415887335744875213	1
http://oaei.ontologymatching.org/2010/IIMBDATA/en/bridgeport	http://oaei.ontologymatching.org/2010/IIMBDATA/en/item1486126302167364998	1
http://oaei.ontologymatching.org/2010/IIMBDATA/en/gina_hernandez	http://oaei.ontologymatching.org/2010/IIMBDATA/en/item7477446558189189882	1
http://oaei.ontologymatching.org/2010/IIMBDATA/en/bridgetown	http://oaei.ontologymatching.org/2010/IIMBDATA/en/item1481092174147359272	1
http://oaei.ontologymatching.org/2010/IIMBDATA/en/natalie_portman	http://oaei.ontologymatching.org/2010/IIMBDATA/en/item1300159612091817917	1
http://oaei.ontologymatching.org/2010/IIMBDATA/en/jack_thompson	http://oaei.ontologymatching.org/2010/IIMBDATA/en/item5182708088095416418	1
http://oaei.ontologymatching.org/2010/IIMBDATA/en/port_of_spain	http://oaei.ontologymatching.org/2010/IIMBDATA/en/item5388391366444628098	1
http://oaei.ontologymatching.org/2010/IIMBDATA/en/harare	http://oaei.ontologymatching.org/2010/IIMBDATA/en/item5876637504834124597	1
http://oaei.ontologymatching.org/2010/IIMBDATA/en/kenley	http://oaei.ontologymatching.org/2010/IIMBDATA/en/item7378607986138342080	1
http://oaei.ontologymatching.org/2010/IIMBDATA/en/soviet_union	http://oaei.ontologymatching.org/2010/IIMBDATA/en/item4185658385677980214	1
http://oaei.ontologymatching.org/2010/IIMBDATA/en/karen_hammang	http://oaei.ontologymatching.org/2010/IIMBDATA/en/item172545124030862765	1
http://oaei.ontologymatching.org/2010/IIMBDATA/en/basseterre	http://oaei.ontologymatching.org/2010/IIMBDATA/en/item4012737172067495625	1
http://oaei.ontologymatching.org/2010/IIMBDATA/en/leytonstone	http://oaei.ontologymatching.org/2010/IIMBDATA/en/item252022122863065680	1
http://oaei.ontologymatching.org/2010/IIMBDATA/en/gibraltar	http://oaei.ontologymatching.org/2010/IIMBDATA/en/item1953643416414652455	1
http://oaei.ontologymatching.org/2010/IIMBDATA/en/billy_dee_williams	http://oaei.ontologymatching.org/2010/IIMBDATA/en/item9165576590975677897	1
http://oaei.ontologymatching.org/2010/IIMBDATA/en/mexborough	http://oaei.ontologymatching.org/2010/IIMBDATA/en/item4470098622970480455	1
http://oaei.ontologymatching.org/2010/IIMBDATA/en/freetown	http://oaei.ontologymatching.org/2010/IIMBDATA/en/item1844763802140462060	1
http://oaei.ontologymatching.org/2010/IIMBDATA/en/oakland_california	http://oaei.ontologymatching.org/2010/IIMBDATA/en/item3829206548505045273	1
http://oaei.ontologymatching.org/2010/IIMBDATA/m/0bvhs57	http://oaei.ontologymatching.org/2010/IIMBDATA/m/item6448096542051206484	1
http://oaei.ontologymatching.org/2010/IIMBDATA/en/ki-adi-mundi	http://oaei.ontologymatching.org/2010/IIMBDATA/en/item8907597270265326941	1
http://oaei.ontologymatching.org/2010/IIMBDATA/m/0bvhs3v	http://oaei.ontologymatching.org/2010/IIMBDATA/m/item5280748406295292371	1
http://oaei.ontologymatching.org/2010/IIMBDATA/en/ghana	http://oaei.ontologymatching.org/2010/IIMBDATA/en/item6919787922759992687	1
http://oaei.ontologymatching.org/2010/IIMBDATA/en/star_wars_episode_vi_return_of_the_jedi	http://oaei.ontologymatching.org/2010/IIMBDATA/en/item5587340399826426790	1
http://oaei.ontologymatching.org/2010/IIMBDATA/en/eddie_byrne	http://oaei.ontologymatching.org/2010/IIMBDATA/en/item2378336523920444774	1
http://oaei.ontologymatching.org/2010/IIMBDATA/m/0bvgl_j	http://oaei.ontologymatching.org/2010/IIMBDATA/m/item6212151232054619348	1
http://oaei.ontologymatching.org/2010/IIMBDATA/en/new_delhi	http://oaei.ontologymatching.org/2010/IIMBDATA/en/item5467485701019590598	1
http://oaei.ontologymatching.org/2010/IIMBDATA/en/lando_calrissian	http://oaei.ontologymatching.org/2010/IIMBDATA/en/item9088823450734104828	1
http://oaei.ontologymatching.org/2010/IIMBDATA/en/ahsoka_tano	http://oaei.ontologymatching.org/2010/IIMBDATA/en/item3606406169312207877	1
http://oaei.ontologymatching.org/2010/IIMBDATA/en/manly_new_south_wales	http://oaei.ontologymatching.org/2010/IIMBDATA/en/item2878669634502551179	1
http://oaei.ontologymatching.org/2010/IIMBDATA/en/clive_revill	http://oaei.ontologymatching.org/2010/IIMBDATA/en/item2541674939426773659	1
http://oaei.ontologymatching.org/2010/IIMBDATA/m/0k3r31	http://oaei.ontologymatching.org/2010/IIMBDATA/m/item182471372152894903	1
http://oaei.ontologymatching.org/2010/IIMBDATA/en/sri_lanka	http://oaei.ontologymatching.org/2010/IIMBDATA/en/item5843173313391724929	1
http://oaei.ontologymatching.org/2010/IIMBDATA/en/singapore	http://oaei.ontologymatching.org/2010/IIMBDATA/en/item9175687879859655581	1
http://oaei.ontologymatching.org/2010/IIMBDATA/en/maseru	http://oaei.ontologymatching.org/2010/IIMBDATA/en/item1908604491304043935	1
http://oaei.ontologymatching.org/2010/IIMBDATA/en/pretoria	http://oaei.ontologymatching.org/2010/IIMBDATA/en/item3803790519755412499	1
http://oaei.ontologymatching.org/2010/IIMBDATA/en/frank_oz	http://oaei.ontologymatching.org/2010/IIMBDATA/en/item1840370110742341352	1
http://oaei.ontologymatching.org/2010/IIMBDATA/en/modesto	http://oaei.ontologymatching.org/2010/IIMBDATA/en/item2407217527046224757	1
http://oaei.ontologymatching.org/2010/IIMBDATA/en/zam_wesell	http://oaei.ontologymatching.org/2010/IIMBDATA/en/item3057370452596894641	1
http://oaei.ontologymatching.org/2010/IIMBDATA/en/yoda	http://oaei.ontologymatching.org/2010/IIMBDATA/en/item207913426298010766	1
http://oaei.ontologymatching.org/2010/IIMBDATA/en/trinidad_and_tobago	http://oaei.ontologymatching.org/2010/IIMBDATA/en/item2016153001263173278	1
http://oaei.ontologymatching.org/2010/IIMBDATA/authority/iso/3166-1/numeric/268	http://oaei.ontologymatching.org/2010/IIMBDATA/authority/iso/3166-1/numeric/item6284576655976157722	1
http://oaei.ontologymatching.org/2010/IIMBDATA/en/mauritius	http://oaei.ontologymatching.org/2010/IIMBDATA/en/item3232708266154295280	1
http://oaei.ontologymatching.org/2010/IIMBDATA/en/bermuda	http://oaei.ontologymatching.org/2010/IIMBDATA/en/item6907069668015917540	1
http://oaei.ontologymatching.org/2010/IIMBDATA/en/jamaica	http://oaei.ontologymatching.org/2010/IIMBDATA/en/item5045886075985212071	1
http://oaei.ontologymatching.org/2010/IIMBDATA/en/boss_nass	http://oaei.ontologymatching.org/2010/IIMBDATA/en/item1438916083688343627	1
http://oaei.ontologymatching.org/2010/IIMBDATA/en/corey_burton	http://oaei.ontologymatching.org/2010/IIMBDATA/en/item3568737674206688700	1
http://oaei.ontologymatching.org/2010/IIMBDATA/en/belgravia	http://oaei.ontologymatching.org/2010/IIMBDATA/en/item1393822907702854483	1
http://oaei.ontologymatching.org/2010/IIMBDATA/en/malaysia	http://oaei.ontologymatching.org/2010/IIMBDATA/en/item6575592185453392182	1
http://oaei.ontologymatching.org/2010/IIMBDATA/m/09pkq0	http://oaei.ontologymatching.org/2010/IIMBDATA/m/item8636659995487198721	1
http://oaei.ontologymatching.org/2010/IIMBDATA/en/richard_leparmentier	http://oaei.ontologymatching.org/2010/IIMBDATA/en/item3199829891842169879	1
http://oaei.ontologymatching.org/2010/IIMBDATA/en/turks_and_caicos_islands	http://oaei.ontologymatching.org/2010/IIMBDATA/en/item1745379272220171942	1
http://oaei.ontologymatching.org/2010/IIMBDATA/en/nika_futterman	http://oaei.ontologymatching.org/2010/IIMBDATA/en/item1159533338778057678	1
http://oaei.ontologymatching.org/2010/IIMBDATA/en/cameroon	http://oaei.ontologymatching.org/2010/IIMBDATA/en/item8188880658553742192	1
http://oaei.ontologymatching.org/2010/IIMBDATA/en/london	http://oaei.ontologymatching.org/2010/IIMBDATA/en/item3868309169762556266	1
http://oaei.ontologymatching.org/2010/IIMBDATA/en/moscow	http://oaei.ontologymatching.org/2010/IIMBDATA/en/item6620435623999406578	1
http://oaei.ontologymatching.org/2010/IIMBDATA/en/port_moresby	http://oaei.ontologymatching.org/2010/IIMBDATA/en/item1471380599759202546	1
http://oaei.ontologymatching.org/2010/IIMBDATA/m/03qck2m	http://oaei.ontologymatching.org/2010/IIMBDATA/m/item6732989304886698362	1
http://oaei.ontologymatching.org/2010/IIMBDATA/en/the_bahamas	http://oaei.ontologymatching.org/2010/IIMBDATA/en/item2860680052971389568	1
http://oaei.ontologymatching.org/2010/IIMBDATA/en/bail_organa	http://oaei.ontologymatching.org/2010/IIMBDATA/en/item1867639628905839712	1
http://oaei.ontologymatching.org/2010/IIMBDATA/m/03by0hx	http://oaei.ontologymatching.org/2010/IIMBDATA/m/item6294691893585392169	1
http://oaei.ontologymatching.org/2010/IIMBDATA/m/04g34t3	http://oaei.ontologymatching.org/2010/IIMBDATA/m/item747461495012694040	1
http://oaei.ontologymatching.org/2010/IIMBDATA/en/banjul	http://oaei.ontologymatching.org/2010/IIMBDATA/en/item3361439896763744831	1
http://oaei.ontologymatching.org/2010/IIMBDATA/en/liam_neeson	http://oaei.ontologymatching.org/2010/IIMBDATA/en/item6793367428763821528	1
http://oaei.ontologymatching.org/2010/IIMBDATA/en/fiji	http://oaei.ontologymatching.org/2010/IIMBDATA/en/item3592939248918637695	1
http://oaei.ontologymatching.org/2010/IIMBDATA/en/star_wars_episode_iv_a_new_hope	http://oaei.ontologymatching.org/2010/IIMBDATA/en/item8298635031204686424	1
http://oaei.ontologymatching.org/2010/IIMBDATA/en/chicago	http://oaei.ontologymatching.org/2010/IIMBDATA/en/item7962316721807832348	1
http://oaei.ontologymatching.org/2010/IIMBDATA/en/kigali	http://oaei.ontologymatching.org/2010/IIMBDATA/en/item590797061086218562	1
http://oaei.ontologymatching.org/2010/IIMBDATA/en/arkabutla	http://oaei.ontologymatching.org/2010/IIMBDATA/en/item2205251271717857261	1
http://oaei.ontologymatching.org/2010/IIMBDATA/en/leeanna_walsman	http://oaei.ontologymatching.org/2010/IIMBDATA/en/item3175909587293726092	1
http://oaei.ontologymatching.org/2010/IIMBDATA/en/oliver_ford_davies	http://oaei.ontologymatching.org/2010/IIMBDATA/en/item4385566782507124275	1
http://oaei.ontologymatching.org/2010/IIMBDATA/en/ahmed_best	http://oaei.ontologymatching.org/2010/IIMBDATA/en/item302010003369079826	1
http://oaei.ontologymatching.org/2010/IIMBDATA/en/james_arnold_taylor	http://oaei.ontologymatching.org/2010/IIMBDATA/en/item1505987994884904384	1
http://oaei.ontologymatching.org/2010/IIMBDATA/en/irvin_kershner	http://oaei.ontologymatching.org/2010/IIMBDATA/en/item6915839390829740382	1
http://oaei.ontologymatching.org/2010/IIMBDATA/en/kingstown	http://oaei.ontologymatching.org/2010/IIMBDATA/en/item6218273315121974899	1
http://oaei.ontologymatching.org/2010/IIMBDATA/en/shane_felux	http://oaei.ontologymatching.org/2010/IIMBDATA/en/item335025136389505982	1
http://oaei.ontologymatching.org/2010/IIMBDATA/en/kenneth_colley	http://oaei.ontologymatching.org/2010/IIMBDATA/en/item6603340596097420919	1
http://oaei.ontologymatching.org/2010/IIMBDATA/m/0bvd6qh	http://oaei.ontologymatching.org/2010/IIMBDATA/m/item7458672163095120908	1
http://oaei.ontologymatching.org/2010/IIMBDATA/en/tbilisi	http://oaei.ontologymatching.org/2010/IIMBDATA/en/item200420912332789688	1
http://oaei.ontologymatching.org/2010/IIMBDATA/m/04g34q2	http://oaei.ontologymatching.org/2010/IIMBDATA/m/item1240585893147549566	1
http://oaei.ontologymatching.org/2010/IIMBDATA/en/barnes	http://oaei.ontologymatching.org/2010/IIMBDATA/en/item233460486746100768	1
http://oaei.ontologymatching.org/2010/IIMBDATA/en/keisha_castle-hughes	http://oaei.ontologymatching.org/2010/IIMBDATA/en/item9028223388921173426	1
http://oaei.ontologymatching.org/2010/IIMBDATA/en/massillon	http://oaei.ontologymatching.org/2010/IIMBDATA/en/item8465696806647181561	1
http://oaei.ontologymatching.org/2010/IIMBDATA/en/laos	http://oaei.ontologymatching.org/2010/IIMBDATA/en/item2391783810564127753	1
http://oaei.ontologymatching.org/2010/IIMBDATA/en/pitcairn_islands	http://oaei.ontologymatching.org/2010/IIMBDATA/en/item8326850721912163377	1
http://oaei.ontologymatching.org/2010/IIMBDATA/en/belarus	http://oaei.ontologymatching.org/2010/IIMBDATA/en/item3873575558485144220	1
http://oaei.ontologymatching.org/2010/IIMBDATA/en/tom_kane	http://oaei.ontologymatching.org/2010/IIMBDATA/en/item8433585669725836797	1
http://oaei.ontologymatching.org/2010/IIMBDATA/en/carnoustie	http://oaei.ontologymatching.org/2010/IIMBDATA/en/item560324599580332069	1
http://oaei.ontologymatching.org/2010/IIMBDATA/en/ballymena	http://oaei.ontologymatching.org/2010/IIMBDATA/en/item1933285209105847761	1
http://oaei.ontologymatching.org/2010/IIMBDATA/en/pakistan	http://oaei.ontologymatching.org/2010/IIMBDATA/en/item7824289614649597387	1
http://oaei.ontologymatching.org/2010/IIMBDATA/en/harrison_ford	http://oaei.ontologymatching.org/2010/IIMBDATA/en/item6318530535440543861	1
http://oaei.ontologymatching.org/2010/IIMBDATA/m/0k3r4l	http://oaei.ontologymatching.org/2010/IIMBDATA/m/item3352259423045549025	1
http://oaei.ontologymatching.org/2010/IIMBDATA/en/phil_brown	http://oaei.ontologymatching.org/2010/IIMBDATA/en/item5258294753396119134	1
http://oaei.ontologymatching.org/2010/IIMBDATA/en/cockburn_town	http://oaei.ontologymatching.org/2010/IIMBDATA/en/item7923885099888706858	1
http://oaei.ontologymatching.org/2010/IIMBDATA/en/george_lucas	http://oaei.ontologymatching.org/2010/IIMBDATA/en/item1231301362964801969	1
http://oaei.ontologymatching.org/2010/IIMBDATA/en/star_wars_episode_ii_attack_of_the_clones	http://oaei.ontologymatching.org/2010/IIMBDATA/en/item6578571497532259536	1
http://oaei.ontologymatching.org/2010/IIMBDATA/en/saint_vincent_and_the_grenadines	http://oaei.ontologymatching.org/2010/IIMBDATA/en/item4440616727338185422	1
http://oaei.ontologymatching.org/2010/IIMBDATA/en/marshall_islands	http://oaei.ontologymatching.org/2010/IIMBDATA/en/item8913370975677312513	1
http://oaei.ontologymatching.org/2010/IIMBDATA/en/english	http://oaei.ontologymatching.org/2010/IIMBDATA/en/item30496135476773535	1
http://oaei.ontologymatching.org/2010/IIMBDATA/en/r2-d2	http://oaei.ontologymatching.org/2010/IIMBDATA/en/item1501091545644951175	1
http://oaei.ontologymatching.org/2010/IIMBDATA/en/glasgow	http://oaei.ontologymatching.org/2010/IIMBDATA/en/item4478103229141345887	1
http://oaei.ontologymatching.org/2010/IIMBDATA/m/0bvd6rj	http://oaei.ontologymatching.org/2010/IIMBDATA/m/item5847729736632999197	1
http://oaei.ontologymatching.org/2010/IIMBDATA/en/stepney	http://oaei.ontologymatching.org/2010/IIMBDATA/en/item8015590957886566117	1
http://oaei.ontologymatching.org/2010/IIMBDATA/en/star_wars_episode_i_the_phantom_menace	http://oaei.ontologymatching.org/2010/IIMBDATA/en/item9023507530033976081	1
http://oaei.ontologymatching.org/2010/IIMBDATA/en/jersey	http://oaei.ontologymatching.org/2010/IIMBDATA/en/item8680134093310571693	1
http://oaei.ontologymatching.org/2010/IIMBDATA/en/nassau	http://oaei.ontologymatching.org/2010/IIMBDATA/en/item8903043732152280485	1
http://oaei.ontologymatching.org/2010/IIMBDATA/en/r2-d2	http://oaei.ontologymatching.org/2010/IIMBDATA/en/item6130684074796367679	0
http://oaei.ontologymatching.org/2010/IIMBDATA/en/bruce_spence	http://oaei.ontologymatching.org/2010/IIMBDATA/en/item4732322251927039920	0
http://oaei.ontologymatching.org/2010/IIMBDATA/en/pakistan	http://oaei.ontologymatching.org/2010/IIMBDATA/en/item2248644555460287075	0
http://oaei.ontologymatching.org/2010/IIMBDATA/en/star_wars_episode_ii_attack_of_the_clones	http://oaei.ontologymatching.org/2010/IIMBDATA/en/item5713008677193256563	0
http://oaei.ontologymatching.org/2010/IIMBDATA/en/sebastian_shaw_1905	http://oaei.ontologymatching.org/2010/IIMBDATA/en/item2267638691216872841	0
http://oaei.ontologymatching.org/2010/IIMBDATA/en/john_ratzenberger	http://oaei.ontologymatching.org/2010/IIMBDATA/en/item3831395434433860267	0
http://oaei.ontologymatching.org/2010/IIMBDATA/en/grenada	http://oaei.ontologymatching.org/2010/IIMBDATA/en/item3584029168331759969	0
http://oaei.ontologymatching.org/2010/IIMBDATA/en/st_georges	http://oaei.ontologymatching.org/2010/IIMBDATA/en/item2248644555460287075	0
http://oaei.ontologymatching.org/2010/IIMBDATA/en/ahmed_best	http://oaei.ontologymatching.org/2010/IIMBDATA/en/item5569308673202971887	0
http://oaei.ontologymatching.org/2010/IIMBDATA/en/silas_carson	http://oaei.ontologymatching.org/2010/IIMBDATA/en/item990648063186124508	0
http://oaei.ontologymatching.org/2010/IIMBDATA/m/0k3r5j	http://oaei.ontologymatching.org/2010/IIMBDATA/m/item3068176973615971397	0
http://oaei.ontologymatching.org/2010/IIMBDATA/en/rose_byrne	http://oaei.ontologymatching.org/2010/IIMBDATA/en/item4888823450928729751	0
http://oaei.ontologymatching.org/2010/IIMBDATA/en/corey_burton	http://oaei.ontologymatching.org/2010/IIMBDATA/en/item2391783810564127753	0
http://oaei.ontologymatching.org/2010/IIMBDATA/en/richard_marquand	http://oaei.ontologymatching.org/2010/IIMBDATA/en/item6880039625491388601	0
http://oaei.ontologymatching.org/2010/IIMBDATA/en/carrie_fisher	http://oaei.ontologymatching.org/2010/IIMBDATA/en/item3175653148033810490	0
http://oaei.ontologymatching.org/2010/IIMBDATA/en/pittsburgh	http://oaei.ontologymatching.org/2010/IIMBDATA/en/item9197011922307815842	0
http://oaei.ontologymatching.org/2010/IIMBDATA/m/0bvd6pm	http://oaei.ontologymatching.org/2010/IIMBDATA/en/item4469428740186151336	0
http://oaei.ontologymatching.org/2010/IIMBDATA/en/united_states	http://oaei.ontologymatching.org/2010/IIMBDATA/en/item8286633202153259486	0
http://oaei.ontologymatching.org/2010/IIMBDATA/en/philippines	http://oaei.ontologymatching.org/2010/IIMBDATA/en/item9028223388921173426	0
http://oaei.ontologymatching.org/2010/IIMBDATA/en/gibraltar	http://oaei.ontologymatching.org/2010/IIMBDATA/en/item9165576590975677897	0
http://oaei.ontologymatching.org/2010/IIMBDATA/en/cayman_islands	http://oaei.ontologymatching.org/2010/IIMBDATA/en/item2769870129572232740	0
http://oaei.ontologymatching.org/2010/IIMBDATA/en/fiji	http://oaei.ontologymatching.org/2010/IIMBDATA/en/item6675204542847069908	0
http://oaei.ontologymatching.org/2010/IIMBDATA/en/zimbabwe	http://oaei.ontologymatching.org/2010/IIMBDATA/en/item8903043732152280485	0
http://oaei.ontologymatching.org/2010/IIMBDATA/en/star_wars_episode_iii_revenge_of_the_sith	http://oaei.ontologymatching.org/2010/IIMBDATA/en/item2566571465077574323	0
http://oaei.ontologymatching.org/2010/IIMBDATA/m/0bvgm3x	http://oaei.ontologymatching.org/2010/IIMBDATA/en/item4505631045095060855	0
http://oaei.ontologymatching.org/2010/IIMBDATA/en/canberra	http://oaei.ontologymatching.org/2010/IIMBDATA/en/item3307188635941375596	0
http://oaei.ontologymatching.org/2010/IIMBDATA/en/lando_calrissian	http://oaei.ontologymatching.org/2010/IIMBDATA/en/item1999436050771790077	0
http://oaei.ontologymatching.org/2010/IIMBDATA/en/billy_dee_williams	http://oaei.ontologymatching.org/2010/IIMBDATA/en/item3860024388915006213	0
http://oaei.ontologymatching.org/2010/IIMBDATA/en/oliver_ford_davies	http://oaei.ontologymatching.org/2010/IIMBDATA/en/item2267638691216872841	0
http://oaei.ontologymatching.org/2010/IIMBDATA/en/george_town	http://oaei.ontologymatching.org/2010/IIMBDATA/en/item5432614594934053770	0
http://oaei.ontologymatching.org/2010/IIMBDATA/m/0bvd4c2	http://oaei.ontologymatching.org/2010/IIMBDATA/en/item2267638691216872841	0
http://oaei.ontologymatching.org/2010/IIMBDATA/en/modesto	http://oaei.ontologymatching.org/2010/IIMBDATA/en/item5838595644485277065	0
http://oaei.ontologymatching.org/2010/IIMBDATA/en/star_wars_episode_v_the_empire_strikes_back	http://oaei.ontologymatching.org/2010/IIMBDATA/en/item1481092174147359272	0
http://oaei.ontologymatching.org/2010/IIMBDATA/en/united_states	http://oaei.ontologymatching.org/2010/IIMBDATA/en/item2879386112167284961	0
http://oaei.ontologymatching.org/2010/IIMBDATA/en/jango_fett	http://oaei.ontologymatching.org/2010/IIMBDATA/en/item1481092174147359272	0
http://oaei.ontologymatching.org/2010/IIMBDATA/en/new_york	http://oaei.ontologymatching.org/2010/IIMBDATA/en/item3667356796617386238	0
http://oaei.ontologymatching.org/2010/IIMBDATA/en/english	http://oaei.ontologymatching.org/2010/IIMBDATA/en/item233460486746100768	0
http://oaei.ontologymatching.org/2010/IIMBDATA/en/adamstown_pitcairn_island	http://oaei.ontologymatching.org/2010/IIMBDATA/en/item9028223388921173426	0
http://oaei.ontologymatching.org/2010/IIMBDATA/m/0bvhs6x	http://oaei.ontologymatching.org/2010/IIMBDATA/en/item4659236377810387335	0
http://oaei.ontologymatching.org/2010/IIMBDATA/en/jamaica	http://oaei.ontologymatching.org/2010/IIMBDATA/en/item567015640632339553	0
http://oaei.ontologymatching.org/2010/IIMBDATA/en/nigeria	http://oaei.ontologymatching.org/2010/IIMBDATA/en/item1876744838424840723	0
http://oaei.ontologymatching.org/2010/IIMBDATA/en/padme_amidala	http://oaei.ontologymatching.org/2010/IIMBDATA/en/item7268768296814321713	0
http://oaei.ontologymatching.org/2010/IIMBDATA/en/star_wars_episode_i_the_phantom_menace	http://oaei.ontologymatching.org/2010/IIMBDATA/en/item5200948315644953179	0
http://oaei.ontologymatching.org/2010/IIMBDATA/en/star_wars_episode_v_the_empire_strikes_back	http://oaei.ontologymatching.org/2010/IIMBDATA/en/item30496135476773535	0
http://oaei.ontologymatching.org/2010/IIMBDATA/en/puerto_rico	http://oaei.ontologymatching.org/2010/IIMBDATA/en/item30496135476773535	0
http://oaei.ontologymatching.org/2010/IIMBDATA/en/dee_bradley_baker	http://oaei.ontologymatching.org/2010/IIMBDATA/en/item1879361470315532292	0
http://oaei.ontologymatching.org/2010/IIMBDATA/en/russian	http://oaei.ontologymatching.org/2010/IIMBDATA/en/item3450919156969690422	0
http://oaei.ontologymatching.org/2010/IIMBDATA/en/malta	http://oaei.ontologymatching.org/2010/IIMBDATA/en/item3307188635941375596	0
http://oaei.ontologymatching.org/2010/IIMBDATA/en/star_wars_episode_i_the_phantom_menace	http://oaei.ontologymatching.org/2010/IIMBDATA/en/item1994302817741746967	0
http://oaei.ontologymatching.org/2010/IIMBDATA/en/gaborone	http://oaei.ontologymatching.org/2010/IIMBDATA/en/item8596721533018924093	0
http://oaei.ontologymatching.org/2010/IIMBDATA/en/tuvalu	http://oaei.ontologymatching.org/2010/IIMBDATA/m/item5231380117474926924	0
http://oaei.ontologymatching.org/2010/IIMBDATA/en/manila	http://oaei.ontologymatching.org/2010/IIMBDATA/en/item3831395434433860267	0
http://oaei.ontologymatching.org/2010/IIMBDATA/en/matt_lanter	http://oaei.ontologymatching.org/2010/IIMBDATA/en/item140938053909742590	0
http://oaei.ontologymatching.org/2010/IIMBDATA/m/0bvhs4p	http://oaei.ontologymatching.org/2010/IIMBDATA/en/item4427736783820923643	0
http://oaei.ontologymatching.org/2010/IIMBDATA/en/donnybrook_australia	N72981a98dcc64fbcbf8b8ca04524beba	0
http://oaei.ontologymatching.org/2010/IIMBDATA/en/boss_nass	http://oaei.ontologymatching.org/2010/IIMBDATA/en/item2365770810245084513	0
http://oaei.ontologymatching.org/2010/IIMBDATA/en/carnoustie	http://oaei.ontologymatching.org/2010/IIMBDATA/m/item112607956176815583	0
http://oaei.ontologymatching.org/2010/IIMBDATA/en/alec_guinness	http://oaei.ontologymatching.org/2010/IIMBDATA/en/item1003161737692705241	0
http://oaei.ontologymatching.org/2010/IIMBDATA/en/leytonstone	http://oaei.ontologymatching.org/2010/IIMBDATA/en/item8326850721912163377	0
http://oaei.ontologymatching.org/2010/IIMBDATA/en/russian	http://oaei.ontologymatching.org/2010/IIMBDATA/en/item5200948315644953179	0
http://oaei.ontologymatching.org/2010/IIMBDATA/en/united_states	http://oaei.ontologymatching.org/2010/IIMBDATA/en/item2378336523920444774	0
http://oaei.ontologymatching.org/2010/IIMBDATA/en/washington_united_states	http://oaei.ontologymatching.org/2010/IIMBTBOX/Romance_film	0
http://oaei.ontologymatching.org/2010/IIMBDATA/en/melbourne_australia	http://oaei.ontologymatching.org/2010/IIMBDATA/en/item3361439896763744831	0
http://oaei.ontologymatching.org/2010/IIMBDATA/en/asajj_ventress	http://oaei.ontologymatching.org/2010/IIMBDATA/en/item4830372195285093040	0
http://oaei.ontologymatching.org/2010/IIMBDATA/en/teddington	http://oaei.ontologymatching.org/2010/IIMBDATA/en/item4489608552153845629	0
http://oaei.ontologymatching.org/2010/IIMBDATA/en/grytviken	http://oaei.ontologymatching.org/2010/IIMBDATA/en/item8025631631914894025	0
http://oaei.ontologymatching.org/2010/IIMBDATA/en/marshall_islands	http://oaei.ontologymatching.org/2010/IIMBDATA/en/item2205251271717857261	0
http://oaei.ontologymatching.org/2010/IIMBDATA/en/star_wars_episode_iv_a_new_hope	http://oaei.ontologymatching.org/2010/IIMBDATA/en/item9191889621496622495	0
http://oaei.ontologymatching.org/2010/IIMBDATA/m/0bvgl_4	http://oaei.ontologymatching.org/2010/IIMBDATA/en/item5809462467657224937	0
http://oaei.ontologymatching.org/2010/IIMBDATA/en/pernilla_august	http://oaei.ontologymatching.org/2010/IIMBDATA/authority/iso/3166-1/numeric/item6284576655976157722	0
http://oaei.ontologymatching.org/2010/IIMBDATA/en/the_valley_anguilla	http://oaei.ontologymatching.org/2010/IIMBDATA/en/item4470098622970480455	0
http://oaei.ontologymatching.org/2010/IIMBDATA/en/mark_hamill	http://oaei.ontologymatching.org/2010/IIMBDATA/en/item4109706653914285783	0
http://oaei.ontologymatching.org/2010/IIMBDATA/en/peter_mayhew	http://oaei.ontologymatching.org/2010/IIMBDATA/en/item7824289614649597387	0
http://oaei.ontologymatching.org/2010/IIMBDATA/en/star_wars_episode_i_the_phantom_menace	http://oaei.ontologymatching.org/2010/IIMBDATA/en/item3875072258060156952	0
http://oaei.ontologymatching.org/2010/IIMBDATA/en/pittsburgh	http://oaei.ontologymatching.org/2010/IIMBDATA/en/item4185658385677980214	0
http://oaei.ontologymatching.org/2010/IIMBDATA/en/bridgetown	http://oaei.ontologymatching.org/2010/IIMBDATA/en/item7666215002329863168	0
http://oaei.ontologymatching.org/2010/IIMBDATA/en/sri_lanka	http://oaei.ontologymatching.org/2010/IIMBDATA/en/item6582499805129836793	0
http://oaei.ontologymatching.org/2010/IIMBDATA/en/bermuda	http://oaei.ontologymatching.org/2010/IIMBDATA/m/item5288398895626920455	0
http://oaei.ontologymatching.org/2010/IIMBDATA/en/uganda	http://oaei.ontologymatching.org/2010/IIMBDATA/en/item4677503079095270601	0
http://oaei.ontologymatching.org/2010/IIMBDATA/en/star_wars_episode_iv_a_new_hope	http://oaei.ontologymatching.org/2010/IIMBDATA/en/item8596721533018924093	0
http://oaei.ontologymatching.org/2010/IIMBDATA/en/r2-d2	http://oaei.ontologymatching.org/2010/IIMBDATA/en/item1876744838424840723	0
http://oaei.ontologymatching.org/2010/IIMBDATA/en/warsaw	http://oaei.ontologymatching.org/2010/IIMBDATA/en/item30496135476773535	0
http://oaei.ontologymatching.org/2010/IIMBDATA/en/star_wars_episode_ii_attack_of_the_clones	http://oaei.ontologymatching.org/2010/IIMBDATA/en/item3584029168331759969	0
http://oaei.ontologymatching.org/2010/IIMBDATA/en/maseru	http://oaei.ontologymatching.org/2010/IIMBDATA/en/item3592939248918637695	0
http://oaei.ontologymatching.org/2010/IIMBDATA/en/english	http://oaei.ontologymatching.org/2010/IIMBDATA/en/item8510559279623201108	0
http://oaei.ontologymatching.org/2010/IIMBDATA/en/georgia	http://oaei.ontologymatching.org/2010/IIMBDATA/en/item200420912332789688	0
http://oaei.ontologymatching.org/2010/IIMBDATA/en/federated_states_of_micronesia	http://oaei.ontologymatching.org/2010/IIMBDATA/en/item5369767858016978761	0
http://oaei.ontologymatching.org/2010/IIMBDATA/en/ashley_drane	http://oaei.ontologymatching.org/2010/IIMBTBOX/Coming_of_age	0
http://oaei.ontologymatching.org/2010/IIMBDATA/en/new_zealand	http://oaei.ontologymatching.org/2010/IIMBDATA/en/item6584327353356493105	0
http://oaei.ontologymatching.org/2010/IIMBDATA/en/samuel_l_jackson	http://oaei.ontologymatching.org/2010/IIMBDATA/en/item2584639456911587076	0
http://oaei.ontologymatching.org/2010/IIMBDATA/m/03qck2m	http://oaei.ontologymatching.org/2010/IIMBDATA/en/item3361439896763744831	0
http://oaei.ontologymatching.org/2010/IIMBDATA/en/basseterre	http://oaei.ontologymatching.org/2010/IIMBDATA/authority/iso/3166-1/numeric/item6284576655976157722	0
http://oaei.ontologymatching.org/2010/IIMBDATA/en/tom_kane	http://oaei.ontologymatching.org/2010/IIMBDATA/en/item5587340399826426790	0
http://oaei.ontologymatching.org/2010/IIMBDATA/m/0k3r7l	http://oaei.ontologymatching.org/2010/IIMBDATA/en/item4679567124427925639	0
http://oaei.ontologymatching.org/2010/IIMBDATA/en/philippines	http://oaei.ontologymatching.org/2010/IIMBDATA/en/item3175909587293726092	0
http://oaei.ontologymatching.org/2010/IIMBDATA/en/nauru	http://oaei.ontologymatching.org/2010/IIMBDATA/en/item5220402199647613959	0
http://oaei.ontologymatching.org/2010/IIMBDATA/en/breha_organa	http://oaei.ontologymatching.org/2010/IIMBDATA/en/item2093358935879725377	0
http://oaei.ontologymatching.org/2010/IIMBDATA/en/grenada	http://oaei.ontologymatching.org/2010/IIMBDATA/en/item2516899722729458193	0
http://oaei.ontologymatching.org/2010/IIMBDATA/en/sierra_leone	http://oaei.ontologymatching.org/2010/IIMBDATA/en/item6218273315121974899	0
http://oaei.ontologymatching.org/2010/IIMBDATA/en/star_wars_episode_vi_return_of_the_jedi	http://oaei.ontologymatching.org/2010/IIMBDATA/en/item6575592185453392182	0
http://oaei.ontologymatching.org/2010/IIMBDATA/en/cat_taber	http://oaei.ontologymatching.org/2010/IIMBDATA/m/item7458672163095120908	0
http://oaei.ontologymatching.org/2010/IIMBDATA/en/puerto_rico	http://oaei.ontologymatching.org/2010/IIMBTBOX/form_of_government	0
http://oaei.ontologymatching.org/2010/IIMBDATA/en/new_zealand	http://oaei.ontologymatching.org/2010/IIMBDATA/en/item1006740599615949133	0
http://oaei.ontologymatching.org/2010/IIMBDATA/m/0bvd47l	http://oaei.ontologymatching.org/2010/IIMBDATA/en/item1488385253836435545	0
http://oaei.ontologymatching.org/2010/IIMBDATA/en/belarus	http://oaei.ontologymatching.org/2010/IIMBDATA/en/item4427736783820923643	0
http://oaei.ontologymatching.org/2010/IIMBDATA/en/dominica	http://oaei.ontologymatching.org/2010/IIMBDATA/en/item1231301362964801969	0
http://oaei.ontologymatching.org/2010/IIMBDATA/en/charlotte_amalie	http://oaei.ontologymatching.org/2010/IIMBDATA/en/item7795196330855407441	0
http://oaei.ontologymatching.org/2010/IIMBDATA/m/0bvddn3	http://oaei.ontologymatching.org/2010/IIMBDATA/en/item3873575558485144220	0
http://oaei.ontologymatching.org/2010/IIMBDATA/en/karen_hammang	http://oaei.ontologymatching.org/2010/IIMBDATA/en/item5446326396788307910	0
http://oaei.ontologymatching.org/2010/IIMBDATA/en/belgravia	http://oaei.ontologymatching.org/2010/IIMBDATA/en/item476706394818538956	0
http://oaei.ontologymatching.org/2010/IIMBDATA/en/russia	http://oaei.ontologymatching.org/2010/IIMBDATA/en/item30496135476773535	0
http://oaei.ontologymatching.org/2010/IIMBDATA/en/funafuti	http://oaei.ontologymatching.org/2010/IIMBDATA/en/item252022122863065680	0
http://oaei.ontologymatching.org/2010/IIMBDATA/m/0bvgm4c	http://oaei.ontologymatching.org/2010/IIMBDATA/en/item1491409042892949209	0
http://oaei.ontologymatching.org/2010/IIMBDATA/en/phil_brown	http://oaei.ontologymatching.org/2010/IIMBDATA/en/item3054287699097478098	0
http://oaei.ontologymatching.org/2010/IIMBDATA/en/star_wars_episode_iii_revenge_of_the_sith	http://oaei.ontologymatching.org/2010/IIMBDATA/en/item6187942062484998765	0
http://oaei.ontologymatching.org/2010/IIMBDATA/en/keira_knightley	http://oaei.ontologymatching.org/2010/IIMBDATA/en/item5838595644485277065	0
http://oaei.ontologymatching.org/2010/IIMBDATA/en/bruce_spence	http://oaei.ontologymatching.org/2010/IIMBDATA/en/item8465696806647181561	0
http://oaei.ontologymatching.org/2010/IIMBDATA/en/montserrat	http://oaei.ontologymatching.org/2010/IIMBDATA/en/item6340879848258554518	0
http://oaei.ontologymatching.org/2010/IIMBDATA/en/rebecca_jackson_mendoza	http://oaei.ontologymatching.org/2010/IIMBDATA/en/item590797061086218562	0
http://oaei.ontologymatching.org/2010/IIMBDATA/en/port_louis	http://oaei.ontologymatching.org/2010/IIMBDATA/en/item2111483275871466367	0
http://oaei.ontologymatching.org/2010/IIMBDATA/en/carrie_fisher	http://oaei.ontologymatching.org/2010/IIMBDATA/m/item5231380117474926924	0
http://oaei.ontologymatching.org/2010/IIMBDATA/en/stuart_freeborn	http://oaei.ontologymatching.org/2010/IIMBDATA/en/item3873575558485144220	0
http://oaei.ontologymatching.org/2010/IIMBDATA/en/andy_secombe	http://oaei.ontologymatching.org/2010/IIMBDATA/m/item1240585893147549566	0
http://oaei.ontologymatching.org/2010/IIMBDATA/en/david_prowse	http://oaei.ontologymatching.org/2010/IIMBDATA/en/item1412101199075360889	0
http://oaei.ontologymatching.org/2010/IIMBDATA/en/pitcairn_islands	http://oaei.ontologymatching.org/2010/IIMBDATA/en/item9185851784079534476	0
http://oaei.ontologymatching.org/2010/IIMBDATA/en/windhoek	http://oaei.ontologymatching.org/2010/IIMBDATA/m/item6732989304886698362	0
http://oaei.ontologymatching.org/2010/IIMBDATA/en/corey_burton	http://oaei.ontologymatching.org/2010/IIMBDATA/en/item6862142294832262824	0
http://oaei.ontologymatching.org/2010/IIMBDATA/en/funafuti	http://oaei.ontologymatching.org/2010/IIMBDATA/en/item2378336523920444774	0
http://oaei.ontologymatching.org/2010/IIMBDATA/en/rebecca_jackson_mendoza	http://oaei.ontologymatching.org/2010/IIMBDATA/en/item5369767858016978761	0
http://oaei.ontologymatching.org/2010/IIMBDATA/en/india	http://oaei.ontologymatching.org/2010/IIMBDATA/en/item6880039625491388601	0
http://oaei.ontologymatching.org/2010/IIMBDATA/en/kenneth_colley	http://oaei.ontologymatching.org/2010/IIMBDATA/en/item6431856686629390084	0
http://oaei.ontologymatching.org/2010/IIMBDATA/en/darth_maul	http://oaei.ontologymatching.org/2010/IIMBDATA/m/item8323800550116303436	0
http://oaei.ontologymatching.org/2010/IIMBDATA/en/laos	http://oaei.ontologymatching.org/2010/IIMBDATA/en/item9023507530033976081	0
http://oaei.ontologymatching.org/2010/IIMBDATA/en/laos	http://oaei.ontologymatching.org/2010/IIMBDATA/en/item5365571372021019443	0
http://oaei.ontologymatching.org/2010/IIMBDATA/en/anthony_daniels	http://oaei.ontologymatching.org/2010/IIMBDATA/en/item2308356467983937994	0
http://oaei.ontologymatching.org/2010/IIMBDATA/en/kotte	http://oaei.ontologymatching.org/2010/IIMBDATA/en/item3568737674206688700	0
http://oaei.ontologymatching.org/2010/IIMBDATA/en/united_states_virgin_islands	http://oaei.ontologymatching.org/2010/IIMBDATA/en/item1505987994884904384	0
http://oaei.ontologymatching.org/2010/IIMBDATA/en/ian_mcdiarmid	http://oaei.ontologymatching.org/2010/IIMBDATA/m/item5280748406295292371	0
http://oaei.ontologymatching.org/2010/IIMBDATA/en/new_york_state	http://oaei.ontologymatching.org/2010/IIMBDATA/en/item5446326396788307910	0
http://oaei.ontologymatching.org/2010/IIMBDATA/en/cameroon	http://oaei.ontologymatching.org/2010/IIMBDATA/en/item4659236377810387335	0
http://oaei.ontologymatching.org/2010/IIMBDATA/m/09pkq0	http://oaei.ontologymatching.org/2010/IIMBDATA/en/item5388391366444628098	0
http://oaei.ontologymatching.org/2010/IIMBDATA/en/george_town	http://oaei.ontologymatching.org/2010/IIMBDATA/en/item4320682164895299956	0
http://oaei.ontologymatching.org/2010/IIMBDATA/en/frank_oz	http://oaei.ontologymatching.org/2010/IIMBDATA/en/item6906259560684453735	0
http://oaei.ontologymatching.org/2010/IIMBDATA/en/star_wars_episode_iv_a_new_hope	http://oaei.ontologymatching.org/2010/IIMBTBOX/Tragedy	0
http://oaei.ontologymatching.org/2010/IIMBDATA/m/0bvddmr	http://oaei.ontologymatching.org/2010/IIMBDATA/en/item30496135476773535	0
http://oaei.ontologymatching.org/2010/IIMBDATA/en/jabba_the_hutt	http://oaei.ontologymatching.org/2010/IIMBDATA/en/item9185851784079534476	0
http://oaei.ontologymatching.org/2010/IIMBDATA/en/mace_windu	http://oaei.ontologymatching.org/2010/IIMBDATA/m/item6294691893585392169	0
http://oaei.ontologymatching.org/2010/IIMBDATA/m/0k3r4l	http://oaei.ontologymatching.org/2010/IIMBDATA/en/item2407217527046224757	0
http://oaei.ontologymatching.org/2010/IIMBDATA/en/star_wars_episode_ii_attack_of_the_clones	http://oaei.ontologymatching.org/2010/IIMBDATA/en/item8131785039948890498	0
http://oaei.ontologymatching.org/2010/IIMBDATA/m/01xpnvx	http://oaei.ontologymatching.org/2010/IIMBDATA/en/item30496135476773535	0
http://oaei.ontologymatching.org/2010/IIMBDATA/en/nigeria	http://oaei.ontologymatching.org/2010/IIMBDATA/en/item771967112090699402	0
http://oaei.ontologymatching.org/2010/IIMBDATA/en/the_valley_anguilla	http://oaei.ontologymatching.org/2010/IIMBDATA/en/item8298635031204686424	0
http://oaei.ontologymatching.org/2010/IIMBDATA/en/basseterre	http://oaei.ontologymatching.org/2010/IIMBDATA/en/item2210690216538326746	0
http://oaei.ontologymatching.org/2010/IIMBDATA/en/antigua_and_barbuda	http://oaei.ontologymatching.org/2010/IIMBDATA/en/item9023507530033976081	0
http://oaei.ontologymatching.org/2010/IIMBDATA/en/billy_dee_williams	http://oaei.ontologymatching.org/2010/IIMBDATA/en/item7824289614649597387	0
http://oaei.ontologymatching.org/2010/IIMBDATA/en/kevin_michael_richardson	http://oaei.ontologymatching.org/2010/IIMBDATA/en/item5356487159579694038	0
http://oaei.ontologymatching.org/2010/IIMBDATA/en/hereford	http://oaei.ontologymatching.org/2010/IIMBDATA/en/item9117232527615265382	0
http://oaei.ontologymatching.org/2010/IIMBDATA/en/star_wars_episode_ii_attack_of_the_clones	http://oaei.ontologymatching.org/2010/IIMBDATA/en/item8298635031204686424	0
http://oaei.ontologymatching.org/2010/IIMBDATA/en/chewbacca	http://oaei.ontologymatching.org/2010/IIMBDATA/en/item560324599580332069	0
http://oaei.ontologymatching.org/2010/IIMBDATA/en/star_wars_episode_iv_a_new_hope	http://oaei.ontologymatching.org/2010/IIMBDATA/en/item2093358935879725377	0
http://oaei.ontologymatching.org/2010/IIMBDATA/m/03qck2m	http://oaei.ontologymatching.org/2010/IIMBDATA/en/item5809462467657224937	0
http://oaei.ontologymatching.org/2010/IIMBDATA/en/roseau	http://oaei.ontologymatching.org/2010/IIMBDATA/en/item4440616727338185422	0
http://oaei.ontologymatching.org/2010/IIMBDATA/en/andy_secombe	http://oaei.ontologymatching.org/2010/IIMBDATA/en/item6408350574793351504	0
http://oaei.ontologymatching.org/2010/IIMBDATA/en/accra	http://oaei.ontologymatching.org/2010/IIMBDATA/en/item1999436050771790077	0
http://oaei.ontologymatching.org/2010/IIMBDATA/en/dee_bradley_baker	http://oaei.ontologymatching.org/2010/IIMBDATA/en/item4983401635207287370	0
http://oaei.ontologymatching.org/2010/IIMBDATA/en/singapore	http://oaei.ontologymatching.org/2010/IIMBDATA/en/item1471380599759202546	0
http://oaei.ontologymatching.org/2010/IIMBDATA/en/palpatine	http://oaei.ontologymatching.org/2010/IIMBDATA/m/item6732989304886698362	0
http://oaei.ontologymatching.org/2010/IIMBDATA/en/star_wars_episode_iv_a_new_hope	http://oaei.ontologymatching.org/2010/IIMBDATA/en/item9191889621496622495	0
http://oaei.ontologymatching.org/2010/IIMBDATA/en/south_africa	http://oaei.ontologymatching.org/2010/IIMBDATA/en/item5099266428722872440	0
http://oaei.ontologymatching.org/2010/IIMBDATA/en/fiji	http://oaei.ontologymatching.org/2010/IIMBDATA/en/item6169774286707925498	0
http://oaei.ontologymatching.org/2010/IIMBDATA/en/nika_futterman	http://oaei.ontologymatching.org/2010/IIMBDATA/en/item1665401821179624399	0
http://oaei.ontologymatching.org/2010/IIMBDATA/en/finis_valorum	http://oaei.ontologymatching.org/2010/IIMBDATA/en/item7824289614649597387	0
http://oaei.ontologymatching.org/2010/IIMBDATA/en/david_prowse	http://oaei.ontologymatching.org/2010/IIMBDATA/en/item8381998882237040209	0
http://oaei.ontologymatching.org/2010/IIMBDATA/en/wayne_pygram	http://oaei.ontologymatching.org/2010/IIMBDATA/en/item2093358935879725377	0
http://oaei.ontologymatching.org/2010/IIMBDATA/en/llanishen	http://oaei.ontologymatching.org/2010/IIMBDATA/en/item1085869762551932204	0
http://oaei.ontologymatching.org/2010/IIMBDATA/en/star_wars_episode_i_the_phantom_menace	http://oaei.ontologymatching.org/2010/IIMBDATA/en/item6578571497532259536	0
http://oaei.ontologymatching.org/2010/IIMBDATA/en/pakistan	http://oaei.ontologymatching.org/2010/IIMBDATA/m/item4921203787633158379	0
http://oaei.ontologymatching.org/2010/IIMBDATA/en/english	http://oaei.ontologymatching.org/2010/IIMBDATA/en/item6187942062484998765	0
http://oaei.ontologymatching.org/2010/IIMBDATA/en/saint_kitts_and_nevis	http://oaei.ontologymatching.org/2010/IIMBDATA/en/item2453260230468973916	0
http://oaei.ontologymatching.org/2010/IIMBDATA/en/english	http://oaei.ontologymatching.org/2010/IIMBDATA/en/item4505631045095060855	0
http://oaei.ontologymatching.org/2010/IIMBDATA/en/star_wars_episode_ii_attack_of_the_clones	http://oaei.ontologymatching.org/2010/IIMBDATA/en/item5513991896621342346	0
