source	traget
http://oaei.ontologymatching.org/2010/IIMBDATA/en/anthony_daniels	http://oaei.ontologymatching.org/2010/IIMBDATA/en/item6675204542847069908
http://oaei.ontologymatching.org/2010/IIMBDATA/en/anakin_skywalker	http://oaei.ontologymatching.org/2010/IIMBDATA/en/item626563815816882216
http://oaei.ontologymatching.org/2010/IIMBDATA/en/nairobi	http://oaei.ontologymatching.org/2010/IIMBDATA/en/item5732486154834428052
http://oaei.ontologymatching.org/2010/IIMBDATA/en/botswana	http://oaei.ontologymatching.org/2010/IIMBDATA/en/item2769870129572232740
http://oaei.ontologymatching.org/2010/IIMBDATA/en/cootamundra	http://oaei.ontologymatching.org/2010/IIMBDATA/en/item3993003381255156728
http://oaei.ontologymatching.org/2010/IIMBDATA/en/fort_collins	http://oaei.ontologymatching.org/2010/IIMBDATA/en/item880785139037320014
http://oaei.ontologymatching.org/2010/IIMBDATA/m/0bvd49t	http://oaei.ontologymatching.org/2010/IIMBDATA/m/item4826816421905598931
http://oaei.ontologymatching.org/2010/IIMBDATA/en/stuart_freeborn	http://oaei.ontologymatching.org/2010/IIMBDATA/en/item2268724605791201354
http://oaei.ontologymatching.org/2010/IIMBDATA/en/breha_organa	http://oaei.ontologymatching.org/2010/IIMBDATA/en/item4096467713294196962
http://oaei.ontologymatching.org/2010/IIMBDATA/en/windhoek	http://oaei.ontologymatching.org/2010/IIMBDATA/en/item8286633202153259486
http://oaei.ontologymatching.org/2010/IIMBDATA/en/territory_of_papua_and_new_guinea	http://oaei.ontologymatching.org/2010/IIMBDATA/en/item4830372195285093040
http://oaei.ontologymatching.org/2010/IIMBDATA/en/india	http://oaei.ontologymatching.org/2010/IIMBDATA/en/item5809462467657224937
http://oaei.ontologymatching.org/2010/IIMBDATA/en/richard_marquand	http://oaei.ontologymatching.org/2010/IIMBDATA/en/item4888823450928729751
http://oaei.ontologymatching.org/2010/IIMBDATA/m/0bvgm55	http://oaei.ontologymatching.org/2010/IIMBDATA/m/item6684156463076713384
http://oaei.ontologymatching.org/2010/IIMBDATA/en/malta	http://oaei.ontologymatching.org/2010/IIMBDATA/en/item771967112090699402
http://oaei.ontologymatching.org/2010/IIMBDATA/en/luke_skywalker	http://oaei.ontologymatching.org/2010/IIMBDATA/en/item4505631045095060855
http://oaei.ontologymatching.org/2010/IIMBDATA/en/kiribati	http://oaei.ontologymatching.org/2010/IIMBDATA/en/item952611745804394729
http://oaei.ontologymatching.org/2010/IIMBDATA/en/saint_kitts_and_nevis	http://oaei.ontologymatching.org/2010/IIMBDATA/en/item8473954447049728909
http://oaei.ontologymatching.org/2010/IIMBDATA/m/0bvgm3x	http://oaei.ontologymatching.org/2010/IIMBDATA/m/item3059172806629434480
http://oaei.ontologymatching.org/2010/IIMBDATA/en/jeremy_bulloch	http://oaei.ontologymatching.org/2010/IIMBDATA/en/item2879386112167284961
http://oaei.ontologymatching.org/2010/IIMBDATA/en/georgetown_guyana	http://oaei.ontologymatching.org/2010/IIMBDATA/en/item614814828304067962
http://oaei.ontologymatching.org/2010/IIMBDATA/en/georgia	http://oaei.ontologymatching.org/2010/IIMBDATA/en/item8596721533018924093
http://oaei.ontologymatching.org/2010/IIMBDATA/m/0bvd6w8	http://oaei.ontologymatching.org/2010/IIMBDATA/m/item4704546328362570333
http://oaei.ontologymatching.org/2010/IIMBDATA/en/silas_carson	http://oaei.ontologymatching.org/2010/IIMBDATA/en/item671285417228574271
http://oaei.ontologymatching.org/2010/IIMBDATA/en/pernilla_august	http://oaei.ontologymatching.org/2010/IIMBDATA/en/item4679567124427925639
http://oaei.ontologymatching.org/2010/IIMBDATA/en/swaziland	http://oaei.ontologymatching.org/2010/IIMBDATA/en/item2458481464846204201
http://oaei.ontologymatching.org/2010/IIMBDATA/m/01xpnvx	http://oaei.ontologymatching.org/2010/IIMBDATA/m/item1624276491422287693
http://oaei.ontologymatching.org/2010/IIMBDATA/en/united_kingdom	http://oaei.ontologymatching.org/2010/IIMBDATA/en/item1994302817741746967
http://oaei.ontologymatching.org/2010/IIMBDATA/m/0bvgly9	http://oaei.ontologymatching.org/2010/IIMBDATA/m/item8141696064091718543
http://oaei.ontologymatching.org/2010/IIMBDATA/en/chisinau	http://oaei.ontologymatching.org/2010/IIMBDATA/en/item6276064827193793244
http://oaei.ontologymatching.org/2010/IIMBDATA/en/birmingham	http://oaei.ontologymatching.org/2010/IIMBDATA/en/item6431856686629390084
http://oaei.ontologymatching.org/2010/IIMBDATA/en/vientiane	http://oaei.ontologymatching.org/2010/IIMBDATA/en/item7342286238786725379
http://oaei.ontologymatching.org/2010/IIMBDATA/en/honiara	http://oaei.ontologymatching.org/2010/IIMBDATA/en/item990648063186124508
http://oaei.ontologymatching.org/2010/IIMBDATA/m/0bvgm3h	http://oaei.ontologymatching.org/2010/IIMBDATA/m/item4985435279799277639
http://oaei.ontologymatching.org/2010/IIMBDATA/en/zambia	http://oaei.ontologymatching.org/2010/IIMBDATA/en/item2308356467983937994
http://oaei.ontologymatching.org/2010/IIMBDATA/en/roseau	http://oaei.ontologymatching.org/2010/IIMBDATA/en/item4320682164895299956
http://oaei.ontologymatching.org/2010/IIMBDATA/en/mbabane	http://oaei.ontologymatching.org/2010/IIMBDATA/en/item2104379138752077367
http://oaei.ontologymatching.org/2010/IIMBDATA/en/grenada	http://oaei.ontologymatching.org/2010/IIMBDATA/en/item2677027905222193924
http://oaei.ontologymatching.org/2010/IIMBDATA/en/australian_capital_territory	http://oaei.ontologymatching.org/2010/IIMBDATA/en/item9117232527615265382
http://oaei.ontologymatching.org/2010/IIMBDATA/en/bishkek	http://oaei.ontologymatching.org/2010/IIMBDATA/en/item6751282800540170947
http://oaei.ontologymatching.org/2010/IIMBDATA/en/federated_states_of_micronesia	http://oaei.ontologymatching.org/2010/IIMBDATA/en/item8503836162534259051
http://oaei.ontologymatching.org/2010/IIMBDATA/en/united_states	http://oaei.ontologymatching.org/2010/IIMBDATA/en/item2566571465077574323
http://oaei.ontologymatching.org/2010/IIMBDATA/en/charlotte_amalie	http://oaei.ontologymatching.org/2010/IIMBDATA/en/item4079763360197360340
http://oaei.ontologymatching.org/2010/IIMBDATA/en/namibia	http://oaei.ontologymatching.org/2010/IIMBDATA/en/item9191889621496622495
http://oaei.ontologymatching.org/2010/IIMBDATA/en/antigua_and_barbuda	http://oaei.ontologymatching.org/2010/IIMBDATA/en/item635359839573506221
http://oaei.ontologymatching.org/2010/IIMBDATA/en/dee_bradley_baker	http://oaei.ontologymatching.org/2010/IIMBDATA/en/item5099910829126825295
http://oaei.ontologymatching.org/2010/IIMBDATA/en/mace_windu	http://oaei.ontologymatching.org/2010/IIMBDATA/en/item1491409042892949209
http://oaei.ontologymatching.org/2010/IIMBDATA/en/market_harborough	http://oaei.ontologymatching.org/2010/IIMBDATA/en/item4570656879729533784
http://oaei.ontologymatching.org/2010/IIMBDATA/en/kenny_baker	http://oaei.ontologymatching.org/2010/IIMBDATA/en/item1003161737692705241
http://oaei.ontologymatching.org/2010/IIMBDATA/en/greenville_mississippi	http://oaei.ontologymatching.org/2010/IIMBDATA/en/item3526378575963685361
http://oaei.ontologymatching.org/2010/IIMBDATA/en/star_wars_episode_iii_revenge_of_the_sith	http://oaei.ontologymatching.org/2010/IIMBDATA/en/item2093358935879725377
http://oaei.ontologymatching.org/2010/IIMBDATA/en/han_solo	http://oaei.ontologymatching.org/2010/IIMBDATA/en/item567015640632339553
http://oaei.ontologymatching.org/2010/IIMBDATA/en/donnybrook_australia	http://oaei.ontologymatching.org/2010/IIMBDATA/en/item2559049179342831765
http://oaei.ontologymatching.org/2010/IIMBDATA/en/philadelphia	http://oaei.ontologymatching.org/2010/IIMBDATA/en/item4342169299277044479
http://oaei.ontologymatching.org/2010/IIMBDATA/en/ian_abercrombie	http://oaei.ontologymatching.org/2010/IIMBDATA/en/item816295095825957689
http://oaei.ontologymatching.org/2010/IIMBDATA/en/mas_amedda	http://oaei.ontologymatching.org/2010/IIMBDATA/en/item4262425627325641581
http://oaei.ontologymatching.org/2010/IIMBDATA/en/montserrat	http://oaei.ontologymatching.org/2010/IIMBDATA/en/item5129272673964625643
http://oaei.ontologymatching.org/2010/IIMBDATA/m/0k3q_v	http://oaei.ontologymatching.org/2010/IIMBDATA/m/item8323800550116303436
http://oaei.ontologymatching.org/2010/IIMBDATA/en/plymouth	http://oaei.ontologymatching.org/2010/IIMBDATA/en/item1461159394039433402
http://oaei.ontologymatching.org/2010/IIMBDATA/m/0bvglz8	http://oaei.ontologymatching.org/2010/IIMBDATA/m/item5288398895626920455
http://oaei.ontologymatching.org/2010/IIMBDATA/m/0bvgm4c	http://oaei.ontologymatching.org/2010/IIMBDATA/m/item3068176973615971397
http://oaei.ontologymatching.org/2010/IIMBDATA/m/0bvglxv	http://oaei.ontologymatching.org/2010/IIMBDATA/m/item4921203787633158379
http://oaei.ontologymatching.org/2010/IIMBDATA/m/0bvd47l	http://oaei.ontologymatching.org/2010/IIMBDATA/m/item2673418967295893067
http://oaei.ontologymatching.org/2010/IIMBDATA/m/0bvgm4r	http://oaei.ontologymatching.org/2010/IIMBDATA/m/item7600988425304221293
http://oaei.ontologymatching.org/2010/IIMBDATA/en/brunei	http://oaei.ontologymatching.org/2010/IIMBDATA/en/item3175653148033810490
http://oaei.ontologymatching.org/2010/IIMBDATA/en/rotorua	http://oaei.ontologymatching.org/2010/IIMBDATA/en/item2479349620691506240
http://oaei.ontologymatching.org/2010/IIMBDATA/en/hayden_christensen	http://oaei.ontologymatching.org/2010/IIMBDATA/en/item5446326396788307910
http://oaei.ontologymatching.org/2010/IIMBDATA/en/barbados	http://oaei.ontologymatching.org/2010/IIMBDATA/en/item3450919156969690422
http://oaei.ontologymatching.org/2010/IIMBDATA/en/count_dooku	http://oaei.ontologymatching.org/2010/IIMBDATA/en/item2248644555460287075
http://oaei.ontologymatching.org/2010/IIMBDATA/en/tuvalu	http://oaei.ontologymatching.org/2010/IIMBDATA/en/item563208768510331861
http://oaei.ontologymatching.org/2010/IIMBDATA/en/auckland	http://oaei.ontologymatching.org/2010/IIMBDATA/en/item2365770810245084513
http://oaei.ontologymatching.org/2010/IIMBDATA/en/abuja	http://oaei.ontologymatching.org/2010/IIMBDATA/en/item6760877380353692550
http://oaei.ontologymatching.org/2010/IIMBDATA/m/0k3r15	http://oaei.ontologymatching.org/2010/IIMBDATA/m/item8787541242086153089
http://oaei.ontologymatching.org/2010/IIMBDATA/en/jay_lagaaia	http://oaei.ontologymatching.org/2010/IIMBDATA/en/item2848364464195420480
http://oaei.ontologymatching.org/2010/IIMBDATA/m/0bvgm5z	http://oaei.ontologymatching.org/2010/IIMBDATA/m/item5483396596505527345
http://oaei.ontologymatching.org/2010/IIMBDATA/en/george_town	http://oaei.ontologymatching.org/2010/IIMBDATA/en/item5356487159579694038
http://oaei.ontologymatching.org/2010/IIMBDATA/en/isle_of_man	http://oaei.ontologymatching.org/2010/IIMBDATA/en/item4536058835999987231
http://oaei.ontologymatching.org/2010/IIMBDATA/en/solomon_islands	http://oaei.ontologymatching.org/2010/IIMBDATA/en/item3831395434433860267
http://oaei.ontologymatching.org/2010/IIMBDATA/en/mark_hamill	http://oaei.ontologymatching.org/2010/IIMBDATA/en/item8025631631914894025
http://oaei.ontologymatching.org/2010/IIMBDATA/en/the_valley_anguilla	http://oaei.ontologymatching.org/2010/IIMBDATA/en/item5152395474110227140
http://oaei.ontologymatching.org/2010/IIMBDATA/en/manila	http://oaei.ontologymatching.org/2010/IIMBDATA/en/item5099266428722872440
http://oaei.ontologymatching.org/2010/IIMBDATA/en/kuala_lumpur	http://oaei.ontologymatching.org/2010/IIMBDATA/en/item8895936350446806134
http://oaei.ontologymatching.org/2010/IIMBDATA/en/bristol	http://oaei.ontologymatching.org/2010/IIMBDATA/en/item6425064763079958176
http://oaei.ontologymatching.org/2010/IIMBDATA/en/puerto_rico	http://oaei.ontologymatching.org/2010/IIMBDATA/en/item6862142294832262824
http://oaei.ontologymatching.org/2010/IIMBDATA/m/0bvglyx	http://oaei.ontologymatching.org/2010/IIMBDATA/m/item5721149267502035491
http://oaei.ontologymatching.org/2010/IIMBDATA/en/captain_typho	http://oaei.ontologymatching.org/2010/IIMBDATA/en/item5365571372021019443
http://oaei.ontologymatching.org/2010/IIMBDATA/en/tanzania	http://oaei.ontologymatching.org/2010/IIMBDATA/en/item2271594532628928442
http://oaei.ontologymatching.org/2010/IIMBDATA/en/belmopan	http://oaei.ontologymatching.org/2010/IIMBDATA/en/item5418110812332879248
http://oaei.ontologymatching.org/2010/IIMBDATA/en/bandar_seri_begawan	http://oaei.ontologymatching.org/2010/IIMBDATA/en/item5894120867412860305
http://oaei.ontologymatching.org/2010/IIMBDATA/m/0bvgm5l	http://oaei.ontologymatching.org/2010/IIMBDATA/m/item112607956176815583
http://oaei.ontologymatching.org/2010/IIMBDATA/en/pittsburgh	http://oaei.ontologymatching.org/2010/IIMBDATA/en/item2516899722729458193
http://oaei.ontologymatching.org/2010/IIMBDATA/en/vanuatu	http://oaei.ontologymatching.org/2010/IIMBDATA/en/item5802346602582928698
http://oaei.ontologymatching.org/2010/IIMBDATA/en/brooklyn	http://oaei.ontologymatching.org/2010/IIMBDATA/en/item140938053909742590
http://oaei.ontologymatching.org/2010/IIMBDATA/en/lesotho	http://oaei.ontologymatching.org/2010/IIMBDATA/en/item6169774286707925498
http://oaei.ontologymatching.org/2010/IIMBDATA/en/vancouver_british_columbia	http://oaei.ontologymatching.org/2010/IIMBDATA/en/item6788179804325719214
http://oaei.ontologymatching.org/2010/IIMBDATA/en/obi-wan_kenobi	http://oaei.ontologymatching.org/2010/IIMBDATA/en/item4489608552153845629
http://oaei.ontologymatching.org/2010/IIMBDATA/en/addis_ababa	http://oaei.ontologymatching.org/2010/IIMBDATA/en/item452952361820291081
http://oaei.ontologymatching.org/2010/IIMBDATA/m/0bvglzq	http://oaei.ontologymatching.org/2010/IIMBDATA/m/item7133731449825021094
http://oaei.ontologymatching.org/2010/IIMBDATA/en/terence_stamp	http://oaei.ontologymatching.org/2010/IIMBDATA/en/item3824586231970368565
http://oaei.ontologymatching.org/2010/IIMBDATA/en/canberra	http://oaei.ontologymatching.org/2010/IIMBDATA/en/item4517229783046144536
http://oaei.ontologymatching.org/2010/IIMBDATA/m/0bvddmr	http://oaei.ontologymatching.org/2010/IIMBDATA/m/item3357265878517245840
http://oaei.ontologymatching.org/2010/IIMBDATA/en/bruce_spence	http://oaei.ontologymatching.org/2010/IIMBDATA/en/item7168661739075916726
http://oaei.ontologymatching.org/2010/IIMBDATA/en/carrie_fisher	http://oaei.ontologymatching.org/2010/IIMBDATA/en/item6491861022155634330
http://oaei.ontologymatching.org/2010/IIMBDATA/en/sealand	http://oaei.ontologymatching.org/2010/IIMBDATA/en/item3407682519732257609
http://oaei.ontologymatching.org/2010/IIMBDATA/en/suva	http://oaei.ontologymatching.org/2010/IIMBDATA/en/item6589728295077653621
http://oaei.ontologymatching.org/2010/IIMBDATA/en/ukraine	http://oaei.ontologymatching.org/2010/IIMBDATA/en/item1999436050771790077
http://oaei.ontologymatching.org/2010/IIMBDATA/en/christopher_lee	http://oaei.ontologymatching.org/2010/IIMBDATA/en/item2009518203396535905
http://oaei.ontologymatching.org/2010/IIMBDATA/en/star_wars_storm_in_the_glass	http://oaei.ontologymatching.org/2010/IIMBDATA/en/item5200948315644953179
http://oaei.ontologymatching.org/2010/IIMBDATA/en/jim_henson	http://oaei.ontologymatching.org/2010/IIMBDATA/en/item1343217083548093810
http://oaei.ontologymatching.org/2010/IIMBDATA/en/rose_byrne	http://oaei.ontologymatching.org/2010/IIMBDATA/en/item6187942062484998765
http://oaei.ontologymatching.org/2010/IIMBDATA/en/darth_vader	http://oaei.ontologymatching.org/2010/IIMBDATA/en/item3787974832012332738
http://oaei.ontologymatching.org/2010/IIMBDATA/en/jango_fett	http://oaei.ontologymatching.org/2010/IIMBDATA/en/item9014282011771949711
http://oaei.ontologymatching.org/2010/IIMBDATA/en/russia	http://oaei.ontologymatching.org/2010/IIMBDATA/en/item4427736783820923643
http://oaei.ontologymatching.org/2010/IIMBDATA/en/guyana	http://oaei.ontologymatching.org/2010/IIMBDATA/en/item6880039625491388601
http://oaei.ontologymatching.org/2010/IIMBDATA/en/jake_lloyd	http://oaei.ontologymatching.org/2010/IIMBDATA/en/item4864034949325467775
http://oaei.ontologymatching.org/2010/IIMBDATA/en/padme_amidala	http://oaei.ontologymatching.org/2010/IIMBDATA/en/item2769195772027617271
http://oaei.ontologymatching.org/2010/IIMBDATA/en/burbank	http://oaei.ontologymatching.org/2010/IIMBDATA/en/item5713008677193256563
http://oaei.ontologymatching.org/2010/IIMBDATA/en/llanishen	http://oaei.ontologymatching.org/2010/IIMBDATA/en/item1692497539389367697
http://oaei.ontologymatching.org/2010/IIMBDATA/en/tion_medon	http://oaei.ontologymatching.org/2010/IIMBDATA/en/item6408350574793351504
http://oaei.ontologymatching.org/2010/IIMBDATA/en/dodoma	http://oaei.ontologymatching.org/2010/IIMBDATA/en/item2210690216538326746
http://oaei.ontologymatching.org/2010/IIMBDATA/en/sebastian_shaw_1905	http://oaei.ontologymatching.org/2010/IIMBDATA/en/item8061177115506282273
http://oaei.ontologymatching.org/2010/IIMBDATA/en/ottawa	http://oaei.ontologymatching.org/2010/IIMBDATA/en/item6629408845638695565
http://oaei.ontologymatching.org/2010/IIMBDATA/en/islamabad	http://oaei.ontologymatching.org/2010/IIMBDATA/en/item6419742796659818042
http://oaei.ontologymatching.org/2010/IIMBDATA/en/chewbacca	http://oaei.ontologymatching.org/2010/IIMBDATA/en/item4732322251927039920
http://oaei.ontologymatching.org/2010/IIMBDATA/en/sydney	http://oaei.ontologymatching.org/2010/IIMBDATA/en/item4107776523900792971
http://oaei.ontologymatching.org/2010/IIMBDATA/en/accra	http://oaei.ontologymatching.org/2010/IIMBDATA/en/item6619652198987902843
http://oaei.ontologymatching.org/2010/IIMBDATA/en/astana	http://oaei.ontologymatching.org/2010/IIMBDATA/en/item2546376188858556711
http://oaei.ontologymatching.org/2010/IIMBDATA/en/keira_knightley	http://oaei.ontologymatching.org/2010/IIMBDATA/en/item9185851784079534476
http://oaei.ontologymatching.org/2010/IIMBDATA/en/brian_blessed	http://oaei.ontologymatching.org/2010/IIMBDATA/en/item6130684074796367679
http://oaei.ontologymatching.org/2010/IIMBDATA/en/ewan_mcgregor	http://oaei.ontologymatching.org/2010/IIMBDATA/en/item1473966558363262459
http://oaei.ontologymatching.org/2010/IIMBDATA/en/manchester_united_kingdom	http://oaei.ontologymatching.org/2010/IIMBDATA/en/item2308352613691674032
http://oaei.ontologymatching.org/2010/IIMBDATA/en/saint_lucia	http://oaei.ontologymatching.org/2010/IIMBDATA/en/item3819360250099017028
http://oaei.ontologymatching.org/2010/IIMBDATA/en/second_polish_republic	http://oaei.ontologymatching.org/2010/IIMBDATA/en/item476706394818538956
http://oaei.ontologymatching.org/2010/IIMBDATA/en/ian_mcdiarmid	http://oaei.ontologymatching.org/2010/IIMBDATA/en/item1665401821179624399
http://oaei.ontologymatching.org/2010/IIMBDATA/en/minsk	http://oaei.ontologymatching.org/2010/IIMBDATA/en/item3256128722750451636
http://oaei.ontologymatching.org/2010/IIMBDATA/en/new_york_state	http://oaei.ontologymatching.org/2010/IIMBDATA/en/item4529923883029714694
http://oaei.ontologymatching.org/2010/IIMBDATA/en/indiana	http://oaei.ontologymatching.org/2010/IIMBDATA/en/item2408588465907094605
http://oaei.ontologymatching.org/2010/IIMBDATA/en/ethiopia	http://oaei.ontologymatching.org/2010/IIMBDATA/en/item1562388154400220889
http://oaei.ontologymatching.org/2010/IIMBDATA/en/zimbabwe	http://oaei.ontologymatching.org/2010/IIMBDATA/en/item2267638691216872841
http://oaei.ontologymatching.org/2010/IIMBDATA/en/adamstown_pitcairn_island	http://oaei.ontologymatching.org/2010/IIMBDATA/en/item1991771944847303692
http://oaei.ontologymatching.org/2010/IIMBDATA/en/jason_wingreen	http://oaei.ontologymatching.org/2010/IIMBDATA/en/item1876744838424840723
http://oaei.ontologymatching.org/2010/IIMBDATA/en/port_louis	http://oaei.ontologymatching.org/2010/IIMBDATA/en/item9041726629922821814
http://oaei.ontologymatching.org/2010/IIMBDATA/en/douglas_isle_of_man	http://oaei.ontologymatching.org/2010/IIMBDATA/en/item3920340490962655029
http://oaei.ontologymatching.org/2010/IIMBDATA/en/alec_guinness	http://oaei.ontologymatching.org/2010/IIMBDATA/en/item4983401635207287370
http://oaei.ontologymatching.org/2010/IIMBDATA/en/star_wars_episode_v_the_empire_strikes_back	http://oaei.ontologymatching.org/2010/IIMBDATA/en/item6584327353356493105
http://oaei.ontologymatching.org/2010/IIMBDATA/en/canada	http://oaei.ontologymatching.org/2010/IIMBDATA/en/item1879361470315532292
http://oaei.ontologymatching.org/2010/IIMBDATA/en/kenya	http://oaei.ontologymatching.org/2010/IIMBDATA/en/item6199434148577899477
http://oaei.ontologymatching.org/2010/IIMBDATA/m/0bvd4c2	http://oaei.ontologymatching.org/2010/IIMBDATA/m/item8532197165573890146
http://oaei.ontologymatching.org/2010/IIMBDATA/en/san_juan_puerto_rico	http://oaei.ontologymatching.org/2010/IIMBDATA/en/item1638049856068070037
http://oaei.ontologymatching.org/2010/IIMBDATA/en/san_fernando_valley	http://oaei.ontologymatching.org/2010/IIMBDATA/en/item4257564788119468952
http://oaei.ontologymatching.org/2010/IIMBDATA/en/vatican_city	http://oaei.ontologymatching.org/2010/IIMBDATA/en/item2378639404368620759
http://oaei.ontologymatching.org/2010/IIMBDATA/en/territory_of_new_guinea	http://oaei.ontologymatching.org/2010/IIMBDATA/en/item3160063867215853967
http://oaei.ontologymatching.org/2010/IIMBDATA/en/apia	http://oaei.ontologymatching.org/2010/IIMBDATA/en/item8783795482460533241
http://oaei.ontologymatching.org/2010/IIMBDATA/en/hamilton_bermuda	http://oaei.ontologymatching.org/2010/IIMBDATA/en/item3054287699097478098
http://oaei.ontologymatching.org/2010/IIMBDATA/en/overland_park	http://oaei.ontologymatching.org/2010/IIMBDATA/en/item6157719918669881217
http://oaei.ontologymatching.org/2010/IIMBDATA/en/daniel_logan	http://oaei.ontologymatching.org/2010/IIMBDATA/en/item5370386228473329405
http://oaei.ontologymatching.org/2010/IIMBDATA/en/lusaka	http://oaei.ontologymatching.org/2010/IIMBDATA/en/item5433024907596315166
http://oaei.ontologymatching.org/2010/IIMBDATA/en/cambridge_massachusetts	http://oaei.ontologymatching.org/2010/IIMBDATA/en/item6906259560684453735
http://oaei.ontologymatching.org/2010/IIMBDATA/en/anguilla	http://oaei.ontologymatching.org/2010/IIMBDATA/en/item3307188635941375596
http://oaei.ontologymatching.org/2010/IIMBDATA/en/liberia	http://oaei.ontologymatching.org/2010/IIMBDATA/en/item4469428740186151336
http://oaei.ontologymatching.org/2010/IIMBDATA/en/funafuti	http://oaei.ontologymatching.org/2010/IIMBDATA/en/item8684125346748819053
http://oaei.ontologymatching.org/2010/IIMBDATA/en/shmi_skywalker	http://oaei.ontologymatching.org/2010/IIMBDATA/en/item7795196330855407441
http://oaei.ontologymatching.org/2010/IIMBDATA/en/grand_moff_tarkin	http://oaei.ontologymatching.org/2010/IIMBDATA/en/item1412101199075360889
http://oaei.ontologymatching.org/2010/IIMBDATA/en/darth_maul	http://oaei.ontologymatching.org/2010/IIMBDATA/en/item393597260659054692
http://oaei.ontologymatching.org/2010/IIMBDATA/en/kampala	http://oaei.ontologymatching.org/2010/IIMBDATA/en/item8877927730063704939
http://oaei.ontologymatching.org/2010/IIMBDATA/en/united_states_virgin_islands	http://oaei.ontologymatching.org/2010/IIMBDATA/en/item3860024388915006213
http://oaei.ontologymatching.org/2010/IIMBDATA/en/james_earl_jones	http://oaei.ontologymatching.org/2010/IIMBDATA/en/item2111483275871466367
http://oaei.ontologymatching.org/2010/IIMBDATA/en/st_johns_antigua_and_barbuda	http://oaei.ontologymatching.org/2010/IIMBDATA/en/item4109706653914285783
http://oaei.ontologymatching.org/2010/IIMBDATA/en/washington_united_states	http://oaei.ontologymatching.org/2010/IIMBDATA/en/item7083972456496042117
http://oaei.ontologymatching.org/2010/IIMBDATA/en/uganda	http://oaei.ontologymatching.org/2010/IIMBDATA/en/item4659236377810387335
http://oaei.ontologymatching.org/2010/IIMBDATA/en/wayne_pygram	http://oaei.ontologymatching.org/2010/IIMBDATA/en/item398787052291562616
http://oaei.ontologymatching.org/2010/IIMBDATA/m/0bvddn3	http://oaei.ontologymatching.org/2010/IIMBDATA/m/item122712237189939034
http://oaei.ontologymatching.org/2010/IIMBDATA/en/star_wars_gangsta_rap	http://oaei.ontologymatching.org/2010/IIMBDATA/en/item7666215002329863168
http://oaei.ontologymatching.org/2010/IIMBDATA/en/papua_new_guinea	http://oaei.ontologymatching.org/2010/IIMBDATA/en/item2584639456911587076
http://oaei.ontologymatching.org/2010/IIMBDATA/en/ray_park	http://oaei.ontologymatching.org/2010/IIMBDATA/en/item8131785039948890498
http://oaei.ontologymatching.org/2010/IIMBDATA/en/kyrgyzstan	http://oaei.ontologymatching.org/2010/IIMBDATA/en/item4906240975999421210
http://oaei.ontologymatching.org/2010/IIMBDATA/en/marylebone	http://oaei.ontologymatching.org/2010/IIMBDATA/en/item6671532458008015785
http://oaei.ontologymatching.org/2010/IIMBDATA/m/0k3r5j	http://oaei.ontologymatching.org/2010/IIMBDATA/m/item1289511042292937132
http://oaei.ontologymatching.org/2010/IIMBDATA/en/shelagh_fraser	http://oaei.ontologymatching.org/2010/IIMBDATA/en/item3946463809839940612
http://oaei.ontologymatching.org/2010/IIMBDATA/en/jar_jar_binks	http://oaei.ontologymatching.org/2010/IIMBDATA/en/item2029090791193214564
http://oaei.ontologymatching.org/2010/IIMBDATA/en/grytviken	http://oaei.ontologymatching.org/2010/IIMBDATA/en/item1504731243908299270
http://oaei.ontologymatching.org/2010/IIMBDATA/en/peter_mayhew	http://oaei.ontologymatching.org/2010/IIMBDATA/en/item6516922336756290500
http://oaei.ontologymatching.org/2010/IIMBDATA/en/nauru	http://oaei.ontologymatching.org/2010/IIMBDATA/en/item1553528668599862532
http://oaei.ontologymatching.org/2010/IIMBDATA/en/philippines	http://oaei.ontologymatching.org/2010/IIMBDATA/en/item3875072258060156952
http://oaei.ontologymatching.org/2010/IIMBDATA/en/st_georges	http://oaei.ontologymatching.org/2010/IIMBDATA/en/item1006740599615949133
http://oaei.ontologymatching.org/2010/IIMBDATA/en/c-3po	http://oaei.ontologymatching.org/2010/IIMBDATA/en/item8349164770685993150
http://oaei.ontologymatching.org/2010/IIMBDATA/en/monrovia	http://oaei.ontologymatching.org/2010/IIMBDATA/en/item7091867533900490095
http://oaei.ontologymatching.org/2010/IIMBDATA/m/0bvhs6h	http://oaei.ontologymatching.org/2010/IIMBDATA/m/item1857909445540272951
http://oaei.ontologymatching.org/2010/IIMBDATA/en/south_georgia_and_the_south_sandwich_islands	http://oaei.ontologymatching.org/2010/IIMBDATA/en/item7428933488232369987
http://oaei.ontologymatching.org/2010/IIMBDATA/en/new_zealand	http://oaei.ontologymatching.org/2010/IIMBDATA/en/item5838595644485277065
http://oaei.ontologymatching.org/2010/IIMBDATA/en/port_vila	http://oaei.ontologymatching.org/2010/IIMBDATA/en/item6099736597186079757
http://oaei.ontologymatching.org/2010/IIMBDATA/en/baron_papanoida	http://oaei.ontologymatching.org/2010/IIMBDATA/en/item1502279510668061863
http://oaei.ontologymatching.org/2010/IIMBDATA/en/moldova	http://oaei.ontologymatching.org/2010/IIMBDATA/en/item6754680440083593091
http://oaei.ontologymatching.org/2010/IIMBDATA/en/alex_mccrindle	http://oaei.ontologymatching.org/2010/IIMBDATA/en/item1723475277319565111
http://oaei.ontologymatching.org/2010/IIMBDATA/en/wellington	http://oaei.ontologymatching.org/2010/IIMBDATA/en/item1410933037804744233
http://oaei.ontologymatching.org/2010/IIMBDATA/en/dexter_jettster	http://oaei.ontologymatching.org/2010/IIMBDATA/en/item4290637775868053378
http://oaei.ontologymatching.org/2010/IIMBDATA/en/stockholm	http://oaei.ontologymatching.org/2010/IIMBDATA/en/item791563916053334101
http://oaei.ontologymatching.org/2010/IIMBDATA/en/dominica	http://oaei.ontologymatching.org/2010/IIMBDATA/en/item5369767858016978761
http://oaei.ontologymatching.org/2010/IIMBDATA/en/sabe_decoy_queen	http://oaei.ontologymatching.org/2010/IIMBDATA/en/item9045752751655627422
http://oaei.ontologymatching.org/2010/IIMBDATA/en/melbourne_australia	http://oaei.ontologymatching.org/2010/IIMBDATA/en/item288514961960433117
http://oaei.ontologymatching.org/2010/IIMBDATA/en/cayman_islands	http://oaei.ontologymatching.org/2010/IIMBDATA/en/item189930823055851837
http://oaei.ontologymatching.org/2010/IIMBDATA/en/castries	http://oaei.ontologymatching.org/2010/IIMBDATA/en/item943979530560660201
http://oaei.ontologymatching.org/2010/IIMBDATA/m/0bvhs6x	http://oaei.ontologymatching.org/2010/IIMBDATA/m/item6126985078193699250
http://oaei.ontologymatching.org/2010/IIMBDATA/en/holt	http://oaei.ontologymatching.org/2010/IIMBDATA/en/item3238573906423322191
http://oaei.ontologymatching.org/2010/IIMBDATA/en/rwanda	http://oaei.ontologymatching.org/2010/IIMBDATA/en/item954774541717635582
http://oaei.ontologymatching.org/2010/IIMBDATA/en/the_gambia	http://oaei.ontologymatching.org/2010/IIMBDATA/en/item5648396375230569217
http://oaei.ontologymatching.org/2010/IIMBDATA/m/0k3qz8	http://oaei.ontologymatching.org/2010/IIMBDATA/m/item3728012531305922026
http://oaei.ontologymatching.org/2010/IIMBDATA/en/salisbury	http://oaei.ontologymatching.org/2010/IIMBDATA/en/item7642039279446830720
http://oaei.ontologymatching.org/2010/IIMBDATA/en/jerusalem	http://oaei.ontologymatching.org/2010/IIMBDATA/en/item3524558496248800617
http://oaei.ontologymatching.org/2010/IIMBDATA/en/samoa	http://oaei.ontologymatching.org/2010/IIMBDATA/en/item6742688165100389744
http://oaei.ontologymatching.org/2010/IIMBDATA/en/jabba_the_hutt	http://oaei.ontologymatching.org/2010/IIMBDATA/en/item2199454957685407923
http://oaei.ontologymatching.org/2010/IIMBDATA/en/australia	http://oaei.ontologymatching.org/2010/IIMBDATA/en/item1189518044495840568
http://oaei.ontologymatching.org/2010/IIMBDATA/en/kingston_jamaica	http://oaei.ontologymatching.org/2010/IIMBDATA/en/item2289761448954122007
http://oaei.ontologymatching.org/2010/IIMBDATA/en/don_henderson	http://oaei.ontologymatching.org/2010/IIMBDATA/en/item4304520636772432212
http://oaei.ontologymatching.org/2010/IIMBDATA/en/belize	http://oaei.ontologymatching.org/2010/IIMBDATA/en/item2398962447406858589
http://oaei.ontologymatching.org/2010/IIMBDATA/en/finis_valorum	http://oaei.ontologymatching.org/2010/IIMBDATA/en/item6340879848258554518
http://oaei.ontologymatching.org/2010/IIMBDATA/en/nigeria	http://oaei.ontologymatching.org/2010/IIMBDATA/en/item8381998882237040209
http://oaei.ontologymatching.org/2010/IIMBDATA/en/palpatine	http://oaei.ontologymatching.org/2010/IIMBDATA/en/item5220402199647613959
http://oaei.ontologymatching.org/2010/IIMBDATA/en/peter_cushing	http://oaei.ontologymatching.org/2010/IIMBDATA/en/item1158097063269775151
http://oaei.ontologymatching.org/2010/IIMBDATA/en/andy_secombe	http://oaei.ontologymatching.org/2010/IIMBDATA/en/item7591049605493319169
http://oaei.ontologymatching.org/2010/IIMBDATA/en/louisville	http://oaei.ontologymatching.org/2010/IIMBDATA/en/item7370082065966673676
http://oaei.ontologymatching.org/2010/IIMBDATA/en/hugh_quarshie	http://oaei.ontologymatching.org/2010/IIMBDATA/en/item5432614594934053770
http://oaei.ontologymatching.org/2010/IIMBDATA/en/ashley_drane	http://oaei.ontologymatching.org/2010/IIMBDATA/en/item127407102574978277
http://oaei.ontologymatching.org/2010/IIMBDATA/en/kiev	http://oaei.ontologymatching.org/2010/IIMBDATA/en/item9197011922307815842
http://oaei.ontologymatching.org/2010/IIMBDATA/en/cat_taber	http://oaei.ontologymatching.org/2010/IIMBDATA/en/item4677503079095270601
http://oaei.ontologymatching.org/2010/IIMBDATA/en/sierra_leone	http://oaei.ontologymatching.org/2010/IIMBDATA/en/item6582499805129836793
http://oaei.ontologymatching.org/2010/IIMBDATA/m/0bvd6pm	http://oaei.ontologymatching.org/2010/IIMBDATA/m/item8988083706313213187
http://oaei.ontologymatching.org/2010/IIMBDATA/en/qui-gon_jinn	http://oaei.ontologymatching.org/2010/IIMBDATA/en/item5569308673202971887
http://oaei.ontologymatching.org/2010/IIMBDATA/en/kevin_michael_richardson	http://oaei.ontologymatching.org/2010/IIMBDATA/en/item1085869762551932204
http://oaei.ontologymatching.org/2010/IIMBDATA/en/the_bronx	http://oaei.ontologymatching.org/2010/IIMBDATA/en/item8124571858463107406
http://oaei.ontologymatching.org/2010/IIMBDATA/en/warsaw	http://oaei.ontologymatching.org/2010/IIMBDATA/en/item1902861490210569872
http://oaei.ontologymatching.org/2010/IIMBDATA/en/samuel_l_jackson	http://oaei.ontologymatching.org/2010/IIMBDATA/en/item876695789536589316
http://oaei.ontologymatching.org/2010/IIMBDATA/m/0k3r7l	http://oaei.ontologymatching.org/2010/IIMBDATA/m/item2590672486362333412
http://oaei.ontologymatching.org/2010/IIMBDATA/m/0bvgl_4	http://oaei.ontologymatching.org/2010/IIMBDATA/m/item6440075712435673586
http://oaei.ontologymatching.org/2010/IIMBDATA/en/crieff	http://oaei.ontologymatching.org/2010/IIMBDATA/en/item6093147450605885667
http://oaei.ontologymatching.org/2010/IIMBDATA/en/david_prowse	http://oaei.ontologymatching.org/2010/IIMBDATA/en/item7921110879461874650
http://oaei.ontologymatching.org/2010/IIMBDATA/en/south_tarawa	http://oaei.ontologymatching.org/2010/IIMBDATA/en/item4356487114216767709
http://oaei.ontologymatching.org/2010/IIMBDATA/en/princess_leia_organa	http://oaei.ontologymatching.org/2010/IIMBDATA/en/item7268768296814321713
http://oaei.ontologymatching.org/2010/IIMBDATA/en/kotte	http://oaei.ontologymatching.org/2010/IIMBDATA/en/item988213622813252149
http://oaei.ontologymatching.org/2010/IIMBDATA/en/star_wars_revelations	http://oaei.ontologymatching.org/2010/IIMBDATA/en/item3667356796617386238
http://oaei.ontologymatching.org/2010/IIMBDATA/en/temuera_morrison	http://oaei.ontologymatching.org/2010/IIMBDATA/en/item4236556013294633295
http://oaei.ontologymatching.org/2010/IIMBDATA/m/0bvhs4p	http://oaei.ontologymatching.org/2010/IIMBDATA/m/item5231380117474926924
http://oaei.ontologymatching.org/2010/IIMBDATA/en/gaborone	http://oaei.ontologymatching.org/2010/IIMBDATA/en/item2453260230468973916
http://oaei.ontologymatching.org/2010/IIMBDATA/en/santa_barbara	http://oaei.ontologymatching.org/2010/IIMBDATA/en/item5029049637493709340
http://oaei.ontologymatching.org/2010/IIMBDATA/en/jimmy_smits	http://oaei.ontologymatching.org/2010/IIMBDATA/en/item3584029168331759969
http://oaei.ontologymatching.org/2010/IIMBDATA/en/valletta	http://oaei.ontologymatching.org/2010/IIMBDATA/en/item7218924044893211318
http://oaei.ontologymatching.org/2010/IIMBDATA/en/teddington	http://oaei.ontologymatching.org/2010/IIMBDATA/en/item1365578588092615520
http://oaei.ontologymatching.org/2010/IIMBDATA/en/watto	http://oaei.ontologymatching.org/2010/IIMBDATA/en/item8058189232574967154
http://oaei.ontologymatching.org/2010/IIMBDATA/en/rebecca_jackson_mendoza	http://oaei.ontologymatching.org/2010/IIMBDATA/en/item1605715506409548267
http://oaei.ontologymatching.org/2010/IIMBDATA/en/new_york	http://oaei.ontologymatching.org/2010/IIMBDATA/en/item871526131310165898
http://oaei.ontologymatching.org/2010/IIMBDATA/en/john_ratzenberger	http://oaei.ontologymatching.org/2010/IIMBDATA/en/item2147529549966435549
http://oaei.ontologymatching.org/2010/IIMBDATA/en/asajj_ventress	http://oaei.ontologymatching.org/2010/IIMBDATA/en/item1488385253836435545
http://oaei.ontologymatching.org/2010/IIMBDATA/en/matt_lanter	http://oaei.ontologymatching.org/2010/IIMBDATA/en/item4214388260230436939
http://oaei.ontologymatching.org/2010/IIMBDATA/en/kazakhstan	http://oaei.ontologymatching.org/2010/IIMBDATA/en/item3795339153829719576
http://oaei.ontologymatching.org/2010/IIMBDATA/en/hereford	http://oaei.ontologymatching.org/2010/IIMBDATA/en/item8346318840237477571
http://oaei.ontologymatching.org/2010/IIMBDATA/en/south_africa	http://oaei.ontologymatching.org/2010/IIMBDATA/en/item4408081710855122689
http://oaei.ontologymatching.org/2010/IIMBDATA/en/boba_fett	http://oaei.ontologymatching.org/2010/IIMBDATA/en/item5513991896621342346
http://oaei.ontologymatching.org/2010/IIMBDATA/en/russian	http://oaei.ontologymatching.org/2010/IIMBDATA/en/item8510559279623201108
http://oaei.ontologymatching.org/2010/IIMBDATA/en/yaounde	http://oaei.ontologymatching.org/2010/IIMBDATA/en/item8415887335744875213
http://oaei.ontologymatching.org/2010/IIMBDATA/en/bridgeport	http://oaei.ontologymatching.org/2010/IIMBDATA/en/item1486126302167364998
http://oaei.ontologymatching.org/2010/IIMBDATA/en/gina_hernandez	http://oaei.ontologymatching.org/2010/IIMBDATA/en/item7477446558189189882
http://oaei.ontologymatching.org/2010/IIMBDATA/en/bridgetown	http://oaei.ontologymatching.org/2010/IIMBDATA/en/item1481092174147359272
http://oaei.ontologymatching.org/2010/IIMBDATA/en/natalie_portman	http://oaei.ontologymatching.org/2010/IIMBDATA/en/item1300159612091817917
http://oaei.ontologymatching.org/2010/IIMBDATA/en/jack_thompson	http://oaei.ontologymatching.org/2010/IIMBDATA/en/item5182708088095416418
http://oaei.ontologymatching.org/2010/IIMBDATA/en/port_of_spain	http://oaei.ontologymatching.org/2010/IIMBDATA/en/item5388391366444628098
http://oaei.ontologymatching.org/2010/IIMBDATA/en/harare	http://oaei.ontologymatching.org/2010/IIMBDATA/en/item5876637504834124597
http://oaei.ontologymatching.org/2010/IIMBDATA/en/kenley	http://oaei.ontologymatching.org/2010/IIMBDATA/en/item7378607986138342080
http://oaei.ontologymatching.org/2010/IIMBDATA/en/soviet_union	http://oaei.ontologymatching.org/2010/IIMBDATA/en/item4185658385677980214
http://oaei.ontologymatching.org/2010/IIMBDATA/en/karen_hammang	http://oaei.ontologymatching.org/2010/IIMBDATA/en/item172545124030862765
http://oaei.ontologymatching.org/2010/IIMBDATA/en/basseterre	http://oaei.ontologymatching.org/2010/IIMBDATA/en/item4012737172067495625
http://oaei.ontologymatching.org/2010/IIMBDATA/en/leytonstone	http://oaei.ontologymatching.org/2010/IIMBDATA/en/item252022122863065680
http://oaei.ontologymatching.org/2010/IIMBDATA/en/gibraltar	http://oaei.ontologymatching.org/2010/IIMBDATA/en/item1953643416414652455
http://oaei.ontologymatching.org/2010/IIMBDATA/en/billy_dee_williams	http://oaei.ontologymatching.org/2010/IIMBDATA/en/item9165576590975677897
http://oaei.ontologymatching.org/2010/IIMBDATA/en/mexborough	http://oaei.ontologymatching.org/2010/IIMBDATA/en/item4470098622970480455
http://oaei.ontologymatching.org/2010/IIMBDATA/en/freetown	http://oaei.ontologymatching.org/2010/IIMBDATA/en/item1844763802140462060
http://oaei.ontologymatching.org/2010/IIMBDATA/en/oakland_california	http://oaei.ontologymatching.org/2010/IIMBDATA/en/item3829206548505045273
http://oaei.ontologymatching.org/2010/IIMBDATA/m/0bvhs57	http://oaei.ontologymatching.org/2010/IIMBDATA/m/item6448096542051206484
http://oaei.ontologymatching.org/2010/IIMBDATA/en/ki-adi-mundi	http://oaei.ontologymatching.org/2010/IIMBDATA/en/item8907597270265326941
http://oaei.ontologymatching.org/2010/IIMBDATA/m/0bvhs3v	http://oaei.ontologymatching.org/2010/IIMBDATA/m/item5280748406295292371
http://oaei.ontologymatching.org/2010/IIMBDATA/en/ghana	http://oaei.ontologymatching.org/2010/IIMBDATA/en/item6919787922759992687
http://oaei.ontologymatching.org/2010/IIMBDATA/en/star_wars_episode_vi_return_of_the_jedi	http://oaei.ontologymatching.org/2010/IIMBDATA/en/item5587340399826426790
http://oaei.ontologymatching.org/2010/IIMBDATA/en/eddie_byrne	http://oaei.ontologymatching.org/2010/IIMBDATA/en/item2378336523920444774
http://oaei.ontologymatching.org/2010/IIMBDATA/m/0bvgl_j	http://oaei.ontologymatching.org/2010/IIMBDATA/m/item6212151232054619348
http://oaei.ontologymatching.org/2010/IIMBDATA/en/new_delhi	http://oaei.ontologymatching.org/2010/IIMBDATA/en/item5467485701019590598
http://oaei.ontologymatching.org/2010/IIMBDATA/en/lando_calrissian	http://oaei.ontologymatching.org/2010/IIMBDATA/en/item9088823450734104828
http://oaei.ontologymatching.org/2010/IIMBDATA/en/ahsoka_tano	http://oaei.ontologymatching.org/2010/IIMBDATA/en/item3606406169312207877
http://oaei.ontologymatching.org/2010/IIMBDATA/en/manly_new_south_wales	http://oaei.ontologymatching.org/2010/IIMBDATA/en/item2878669634502551179
http://oaei.ontologymatching.org/2010/IIMBDATA/en/clive_revill	http://oaei.ontologymatching.org/2010/IIMBDATA/en/item2541674939426773659
http://oaei.ontologymatching.org/2010/IIMBDATA/m/0k3r31	http://oaei.ontologymatching.org/2010/IIMBDATA/m/item182471372152894903
http://oaei.ontologymatching.org/2010/IIMBDATA/en/sri_lanka	http://oaei.ontologymatching.org/2010/IIMBDATA/en/item5843173313391724929
http://oaei.ontologymatching.org/2010/IIMBDATA/en/singapore	http://oaei.ontologymatching.org/2010/IIMBDATA/en/item9175687879859655581
http://oaei.ontologymatching.org/2010/IIMBDATA/en/maseru	http://oaei.ontologymatching.org/2010/IIMBDATA/en/item1908604491304043935
http://oaei.ontologymatching.org/2010/IIMBDATA/en/pretoria	http://oaei.ontologymatching.org/2010/IIMBDATA/en/item3803790519755412499
http://oaei.ontologymatching.org/2010/IIMBDATA/en/frank_oz	http://oaei.ontologymatching.org/2010/IIMBDATA/en/item1840370110742341352
http://oaei.ontologymatching.org/2010/IIMBDATA/en/modesto	http://oaei.ontologymatching.org/2010/IIMBDATA/en/item2407217527046224757
http://oaei.ontologymatching.org/2010/IIMBDATA/en/zam_wesell	http://oaei.ontologymatching.org/2010/IIMBDATA/en/item3057370452596894641
http://oaei.ontologymatching.org/2010/IIMBDATA/en/yoda	http://oaei.ontologymatching.org/2010/IIMBDATA/en/item207913426298010766
http://oaei.ontologymatching.org/2010/IIMBDATA/en/trinidad_and_tobago	http://oaei.ontologymatching.org/2010/IIMBDATA/en/item2016153001263173278
http://oaei.ontologymatching.org/2010/IIMBDATA/authority/iso/3166-1/numeric/268	http://oaei.ontologymatching.org/2010/IIMBDATA/authority/iso/3166-1/numeric/item6284576655976157722
http://oaei.ontologymatching.org/2010/IIMBDATA/en/mauritius	http://oaei.ontologymatching.org/2010/IIMBDATA/en/item3232708266154295280
http://oaei.ontologymatching.org/2010/IIMBDATA/en/bermuda	http://oaei.ontologymatching.org/2010/IIMBDATA/en/item6907069668015917540
http://oaei.ontologymatching.org/2010/IIMBDATA/en/jamaica	http://oaei.ontologymatching.org/2010/IIMBDATA/en/item5045886075985212071
http://oaei.ontologymatching.org/2010/IIMBDATA/en/boss_nass	http://oaei.ontologymatching.org/2010/IIMBDATA/en/item1438916083688343627
http://oaei.ontologymatching.org/2010/IIMBDATA/en/corey_burton	http://oaei.ontologymatching.org/2010/IIMBDATA/en/item3568737674206688700
http://oaei.ontologymatching.org/2010/IIMBDATA/en/belgravia	http://oaei.ontologymatching.org/2010/IIMBDATA/en/item1393822907702854483
http://oaei.ontologymatching.org/2010/IIMBDATA/en/malaysia	http://oaei.ontologymatching.org/2010/IIMBDATA/en/item6575592185453392182
http://oaei.ontologymatching.org/2010/IIMBDATA/m/09pkq0	http://oaei.ontologymatching.org/2010/IIMBDATA/m/item8636659995487198721
http://oaei.ontologymatching.org/2010/IIMBDATA/en/richard_leparmentier	http://oaei.ontologymatching.org/2010/IIMBDATA/en/item3199829891842169879
http://oaei.ontologymatching.org/2010/IIMBDATA/en/turks_and_caicos_islands	http://oaei.ontologymatching.org/2010/IIMBDATA/en/item1745379272220171942
http://oaei.ontologymatching.org/2010/IIMBDATA/en/nika_futterman	http://oaei.ontologymatching.org/2010/IIMBDATA/en/item1159533338778057678
http://oaei.ontologymatching.org/2010/IIMBDATA/en/cameroon	http://oaei.ontologymatching.org/2010/IIMBDATA/en/item8188880658553742192
http://oaei.ontologymatching.org/2010/IIMBDATA/en/london	http://oaei.ontologymatching.org/2010/IIMBDATA/en/item3868309169762556266
http://oaei.ontologymatching.org/2010/IIMBDATA/en/moscow	http://oaei.ontologymatching.org/2010/IIMBDATA/en/item6620435623999406578
http://oaei.ontologymatching.org/2010/IIMBDATA/en/port_moresby	http://oaei.ontologymatching.org/2010/IIMBDATA/en/item1471380599759202546
http://oaei.ontologymatching.org/2010/IIMBDATA/m/03qck2m	http://oaei.ontologymatching.org/2010/IIMBDATA/m/item6732989304886698362
http://oaei.ontologymatching.org/2010/IIMBDATA/en/the_bahamas	http://oaei.ontologymatching.org/2010/IIMBDATA/en/item2860680052971389568
http://oaei.ontologymatching.org/2010/IIMBDATA/en/bail_organa	http://oaei.ontologymatching.org/2010/IIMBDATA/en/item1867639628905839712
http://oaei.ontologymatching.org/2010/IIMBDATA/m/03by0hx	http://oaei.ontologymatching.org/2010/IIMBDATA/m/item6294691893585392169
http://oaei.ontologymatching.org/2010/IIMBDATA/m/04g34t3	http://oaei.ontologymatching.org/2010/IIMBDATA/m/item747461495012694040
http://oaei.ontologymatching.org/2010/IIMBDATA/en/banjul	http://oaei.ontologymatching.org/2010/IIMBDATA/en/item3361439896763744831
http://oaei.ontologymatching.org/2010/IIMBDATA/en/liam_neeson	http://oaei.ontologymatching.org/2010/IIMBDATA/en/item6793367428763821528
http://oaei.ontologymatching.org/2010/IIMBDATA/en/fiji	http://oaei.ontologymatching.org/2010/IIMBDATA/en/item3592939248918637695
http://oaei.ontologymatching.org/2010/IIMBDATA/en/star_wars_episode_iv_a_new_hope	http://oaei.ontologymatching.org/2010/IIMBDATA/en/item8298635031204686424
http://oaei.ontologymatching.org/2010/IIMBDATA/en/chicago	http://oaei.ontologymatching.org/2010/IIMBDATA/en/item7962316721807832348
http://oaei.ontologymatching.org/2010/IIMBDATA/en/kigali	http://oaei.ontologymatching.org/2010/IIMBDATA/en/item590797061086218562
http://oaei.ontologymatching.org/2010/IIMBDATA/en/arkabutla	http://oaei.ontologymatching.org/2010/IIMBDATA/en/item2205251271717857261
http://oaei.ontologymatching.org/2010/IIMBDATA/en/leeanna_walsman	http://oaei.ontologymatching.org/2010/IIMBDATA/en/item3175909587293726092
http://oaei.ontologymatching.org/2010/IIMBDATA/en/oliver_ford_davies	http://oaei.ontologymatching.org/2010/IIMBDATA/en/item4385566782507124275
http://oaei.ontologymatching.org/2010/IIMBDATA/en/ahmed_best	http://oaei.ontologymatching.org/2010/IIMBDATA/en/item302010003369079826
http://oaei.ontologymatching.org/2010/IIMBDATA/en/james_arnold_taylor	http://oaei.ontologymatching.org/2010/IIMBDATA/en/item1505987994884904384
http://oaei.ontologymatching.org/2010/IIMBDATA/en/irvin_kershner	http://oaei.ontologymatching.org/2010/IIMBDATA/en/item6915839390829740382
http://oaei.ontologymatching.org/2010/IIMBDATA/en/kingstown	http://oaei.ontologymatching.org/2010/IIMBDATA/en/item6218273315121974899
http://oaei.ontologymatching.org/2010/IIMBDATA/en/shane_felux	http://oaei.ontologymatching.org/2010/IIMBDATA/en/item335025136389505982
http://oaei.ontologymatching.org/2010/IIMBDATA/en/kenneth_colley	http://oaei.ontologymatching.org/2010/IIMBDATA/en/item6603340596097420919
http://oaei.ontologymatching.org/2010/IIMBDATA/m/0bvd6qh	http://oaei.ontologymatching.org/2010/IIMBDATA/m/item7458672163095120908
http://oaei.ontologymatching.org/2010/IIMBDATA/en/tbilisi	http://oaei.ontologymatching.org/2010/IIMBDATA/en/item200420912332789688
http://oaei.ontologymatching.org/2010/IIMBDATA/m/04g34q2	http://oaei.ontologymatching.org/2010/IIMBDATA/m/item1240585893147549566
http://oaei.ontologymatching.org/2010/IIMBDATA/en/barnes	http://oaei.ontologymatching.org/2010/IIMBDATA/en/item233460486746100768
http://oaei.ontologymatching.org/2010/IIMBDATA/en/keisha_castle-hughes	http://oaei.ontologymatching.org/2010/IIMBDATA/en/item9028223388921173426
http://oaei.ontologymatching.org/2010/IIMBDATA/en/massillon	http://oaei.ontologymatching.org/2010/IIMBDATA/en/item8465696806647181561
http://oaei.ontologymatching.org/2010/IIMBDATA/en/laos	http://oaei.ontologymatching.org/2010/IIMBDATA/en/item2391783810564127753
http://oaei.ontologymatching.org/2010/IIMBDATA/en/pitcairn_islands	http://oaei.ontologymatching.org/2010/IIMBDATA/en/item8326850721912163377
http://oaei.ontologymatching.org/2010/IIMBDATA/en/belarus	http://oaei.ontologymatching.org/2010/IIMBDATA/en/item3873575558485144220
http://oaei.ontologymatching.org/2010/IIMBDATA/en/tom_kane	http://oaei.ontologymatching.org/2010/IIMBDATA/en/item8433585669725836797
http://oaei.ontologymatching.org/2010/IIMBDATA/en/carnoustie	http://oaei.ontologymatching.org/2010/IIMBDATA/en/item560324599580332069
http://oaei.ontologymatching.org/2010/IIMBDATA/en/ballymena	http://oaei.ontologymatching.org/2010/IIMBDATA/en/item1933285209105847761
http://oaei.ontologymatching.org/2010/IIMBDATA/en/pakistan	http://oaei.ontologymatching.org/2010/IIMBDATA/en/item7824289614649597387
http://oaei.ontologymatching.org/2010/IIMBDATA/en/harrison_ford	http://oaei.ontologymatching.org/2010/IIMBDATA/en/item6318530535440543861
http://oaei.ontologymatching.org/2010/IIMBDATA/m/0k3r4l	http://oaei.ontologymatching.org/2010/IIMBDATA/m/item3352259423045549025
http://oaei.ontologymatching.org/2010/IIMBDATA/en/phil_brown	http://oaei.ontologymatching.org/2010/IIMBDATA/en/item5258294753396119134
http://oaei.ontologymatching.org/2010/IIMBDATA/en/cockburn_town	http://oaei.ontologymatching.org/2010/IIMBDATA/en/item7923885099888706858
http://oaei.ontologymatching.org/2010/IIMBDATA/en/george_lucas	http://oaei.ontologymatching.org/2010/IIMBDATA/en/item1231301362964801969
http://oaei.ontologymatching.org/2010/IIMBDATA/en/star_wars_episode_ii_attack_of_the_clones	http://oaei.ontologymatching.org/2010/IIMBDATA/en/item6578571497532259536
http://oaei.ontologymatching.org/2010/IIMBDATA/en/saint_vincent_and_the_grenadines	http://oaei.ontologymatching.org/2010/IIMBDATA/en/item4440616727338185422
http://oaei.ontologymatching.org/2010/IIMBDATA/en/marshall_islands	http://oaei.ontologymatching.org/2010/IIMBDATA/en/item8913370975677312513
http://oaei.ontologymatching.org/2010/IIMBDATA/en/english	http://oaei.ontologymatching.org/2010/IIMBDATA/en/item30496135476773535
http://oaei.ontologymatching.org/2010/IIMBDATA/en/r2-d2	http://oaei.ontologymatching.org/2010/IIMBDATA/en/item1501091545644951175
http://oaei.ontologymatching.org/2010/IIMBDATA/en/glasgow	http://oaei.ontologymatching.org/2010/IIMBDATA/en/item4478103229141345887
http://oaei.ontologymatching.org/2010/IIMBDATA/m/0bvd6rj	http://oaei.ontologymatching.org/2010/IIMBDATA/m/item5847729736632999197
http://oaei.ontologymatching.org/2010/IIMBDATA/en/stepney	http://oaei.ontologymatching.org/2010/IIMBDATA/en/item8015590957886566117
http://oaei.ontologymatching.org/2010/IIMBDATA/en/star_wars_episode_i_the_phantom_menace	http://oaei.ontologymatching.org/2010/IIMBDATA/en/item9023507530033976081
http://oaei.ontologymatching.org/2010/IIMBDATA/en/jersey	http://oaei.ontologymatching.org/2010/IIMBDATA/en/item8680134093310571693
http://oaei.ontologymatching.org/2010/IIMBDATA/en/nassau	http://oaei.ontologymatching.org/2010/IIMBDATA/en/item8903043732152280485
